,AGE,SEX,BMI,BP,S1,S2,S3,S4,S5,S6
AGE,1.0,0.17373710056366087,0.18508466614655542,0.33542758706707265,0.25335278734624594,0.21769761535137422,-0.07119071333043704,0.20627505617214006,-0.002688089766655722,0.2702861081570455
SEX,0.17373710056366087,1.0,0.08816139902276204,0.24101048664904928,0.04814759825184075,0.14778892524820472,-0.32752885436653945,0.3244459203966016,-0.0508671860068479,0.16557968557161265
BMI,0.18508466614655542,0.08816139902276204,1.0,0.39541089871771257,0.23641403556505508,0.25117965652068713,-0.35666169160814654,0.4186428230238236,0.063934529006978,0.35597085055214905
BP,0.33542758706707265,0.24101048664904928,0.39541089871771257,1.0,0.23905475642381904,0.18411888756468953,-0.16178959184710054,0.25707548692963716,-0.0004807146616377872,0.34865979870918623
S1,0.25335278734624594,0.04814759825184075,0.23641403556505508,0.23905475642381904,1.0,0.9010756879501702,0.13032312770298105,0.5219924413373129,-0.21762447023125456,0.24838441399814357
S2,0.21769761535137422,0.14778892524820472,0.25117965652068713,0.18411888756468953,0.9010756879501702,1.0,-0.10715193548508642,0.64086862725574,-0.1919175999620541,0.2329272439503664
S3,-0.07119071333043704,-0.32752885436653945,-0.35666169160814654,-0.16178959184710054,0.13032312770298105,-0.10715193548508642,1.0,-0.6983467563394243,-0.3764829858383415,-0.28932605362642955
S4,0.20627505617214006,0.3244459203966016,0.4186428230238236,0.25707548692963716,0.5219924413373129,0.64086862725574,-0.6983467563394243,1.0,0.060431715202871515,0.3798113801430531
S5,-0.002688089766655722,-0.0508671860068479,0.063934529006978,-0.0004807146616377872,-0.21762447023125456,-0.1919175999620541,-0.3764829858383415,0.060431715202871515,1.0,0.13990961960653625
S6,0.2702861081570455,0.16557968557161265,0.35597085055214905,0.34865979870918623,0.24838441399814357,0.2329272439503664,-0.28932605362642955,0.3798113801430531,0.13990961960653625,1.0
