AGE,SEX,BMI,BP,S1,S2,S3,S4,S5,S6,Y
0.800500090956421,1.0654884797514668,1.2970884623910017,0.45984057199098255,-0.8816077236531293,-0.6970557467041569,-0.8161900347339041,-0.06391742844774428,-0.08179354332391833,-0.3585862131491447,151.0
-0.03956713162724377,-0.9385366608874619,-1.0821801649188425,-0.5535045820606956,-0.15069771743285112,-0.3750227383912185,1.5098611140221583,-0.8418550087886634,-0.1912561349741819,-1.7958214332068774,75.0
1.7933068085552977,1.0654884797514668,0.934533242991406,-0.11921380175283358,-0.9097196469692939,-0.6841744263716396,-0.5981227395380232,-0.06391742844774428,-0.10293972580181018,-0.5182790153777816,141.0
-1.872441071809785,-0.9385366608874619,-0.24377122005727855,-0.7706499722146267,0.27098113230961707,0.5331103450512678,-0.6708118379366501,0.7140201518931748,-0.07834456703741727,-0.1988934109205077,206.0
0.113172363387968,-0.9385366608874619,-0.764944347944197,0.45984057199098255,0.1023095924126298,0.3398905400635047,0.20145734284687325,-0.06391742844774428,-0.146170664632281,-0.9175110209493741,135.0
-1.948810819317391,-0.9385366608874619,-0.8555831527940955,-0.4087409886247417,-1.387622343344091,-1.611629490312902,0.8556592284345158,-1.6197925891295823,-0.1575692485561927,-1.8756678343211959,97.0
-0.9560041017185145,1.0654884797514668,-0.9915413600689441,-0.3363591919067646,-0.7972719537046357,-0.49095462138387663,0.05607914604961936,-0.8418550087886634,-0.18453911230473388,-0.7578182187207371,138.0
1.3350883235096622,1.0654884797514668,-0.0398339091450065,1.4008039293246837,1.8733607613309962,2.259207269608617,0.49221373644138106,0.36394824073976106,-0.15092007460057755,0.04064579242244776,63.0
0.8768698384640269,1.0654884797514668,1.2970884623910017,-0.8430317689326038,-0.2631454106975093,0.14667073507574171,-0.5254336411393962,-0.06391742844774428,-0.12504709839233347,0.20033859465108472,110.0
-1.4905923342717557,-0.9385366608874619,0.8212347369290326,-0.6982681754966498,-0.23503348738134475,-0.690615086537898,-0.45274454274076925,-0.06391742844774428,-0.022459843077127725,-0.2787398120348262,310.0
-2.025180566824997,-0.9385366608874619,-1.761971201293084,0.17031338511907448,-2.0904204262482047,-1.8434932562982176,-0.23467724754488842,-1.6197925891295823,-0.18453911230473388,-0.6779718176064186,101.0
0.5713908484336033,1.0654884797514668,0.3680407126795384,-0.6982681754966498,-0.12258579411668657,0.9646345761906053,-1.2523246251256657,1.4919577322340938,-0.22611906576527308,-1.1570502242923295,69.0
0.34228160591078566,-0.9385366608874619,-0.6063264394568743,-0.1915955984708106,-2.2253576581657946,-1.7017987326405248,-3.3603084786858473,0.17265338973392924,8.52823085829736,6.987282689368156,141.0
0.113172363387968,1.0654884797514668,-0.0398339091450065,0.17031338511907448,-0.06636194748435748,-0.30417547656237204,-0.016609952349007584,-0.06391742844774428,-0.058860678048429246,-0.2787398120348262,185.0
0.9532395859716328,-0.9385366608874619,-0.5383473358194499,-0.2639773951887876,0.38342882557427527,0.017857531750566362,1.6552393108194121,-0.8418550087886634,-0.146170664632281,-1.4764358287496033,118.0
-1.1087435967337262,1.0654884797514668,-0.3797294273321271,1.690331116196592,1.8452488380148317,2.2334446289435816,-0.743500936335277,2.269895312575013,-0.061755556505295704,-0.8376646198350556,171.0
-0.11593687913484967,-0.9385366608874619,0.8892138405664568,1.0388949457347987,0.523988442155098,-0.47163264088510004,1.5098611140221583,-0.8418550087886634,-0.041638412853868115,0.5197241991083587,166.0
1.4878278185248741,1.0654884797514668,0.25474220661716485,1.1836585391707528,0.7207719053682499,1.0354818380194515,-0.743500936335277,0.7140201518931748,-0.07254350200471214,-0.039200608691870725,144.0
-0.8032646067033027,-0.9385366608874619,-0.22111151884480432,-0.7706499722146267,-0.7410481070723066,-0.3814633985574774,-0.5254336411393962,-0.06391742844774428,-0.12895970755669198,-0.3585862131491447,97.0
-0.574155364180485,-0.9385366608874619,-0.3797294273321271,-0.8430317689326038,-0.03825002416819293,-0.21400623423474935,0.7829701300358889,-0.8418550087886634,-0.1175837398707245,-1.077203823178011,168.0
-1.0323738492261203,-0.9385366608874619,-1.1954786709812162,-0.9154135656505807,-0.9097196469692939,-0.8709535711931439,0.05607914604961936,-0.8418550087886634,-0.12124757041769613,0.2801849957654032,68.0
-1.7960713243021793,1.0654884797514668,-0.4703682321820256,0.02554979168312045,-0.7410481070723066,-0.5231579222151704,0.34683553964412717,-0.8418550087886634,-0.19597162058556206,-0.3585862131491447,49.0
-1.7960713243021793,-0.9385366608874619,-0.08515331156995576,-0.1915955984708106,-0.03825002416819293,0.17887403590703554,0.49221373644138106,-0.8418550087886634,-0.1823792615810562,-0.2787398120348262,68.0
0.9532395859716328,1.0654884797514668,1.2744287611785268,0.6530999692279813,0.6083242121035917,-0.9546821533545076,-1.0342573299297848,1.4919577322340938,0.05924131649654525,2.595730628080639,245.0
-1.3378528392565439,-0.9385366608874619,0.7532556332916083,-0.4811227853427187,-0.6004884904914839,-0.3685820782249597,-0.08929905074763453,-0.06391742844774428,-0.13868468987272783,-1.077203823178011,184.0
-1.4142225867641498,1.0654884797514668,-0.2664309212697536,-0.8430317689326038,-0.2912573340136739,0.11446743424444787,-1.1069464283284118,0.7140201518931748,-0.08267557660374479,-0.6779718176064186,202.0
-2.2542898093478145,-0.9385366608874619,-1.626012994018236,-0.5535045820606956,-1.8093011930865595,-1.9594251392908755,0.564902834840008,-1.6197925891295823,-0.1592993907589293,-0.11904700980618921,137.0
-0.4977856166728791,-0.9385366608874619,1.2517690599660516,-0.8430317689326038,-2.832575201794949,-1.9916284401221693,-3.3603084786858473,0.2985236902330902,10.789854652724292,-0.5182790153777816,141.0
1.1059790809868446,-0.9385366608874619,-0.44770853096955143,-1.5668497361123739,-0.7972719537046357,-0.7550216882004858,-0.08929905074763453,-0.8418550087886634,-0.1072481191301935,-1.077203823178011,131.0
1.4114580710172682,1.0654884797514668,-0.130472713994905,1.3284221326067067,-0.8534958003369648,-1.9529844791246165,1.0737265236303966,-1.6197925891295823,-0.032772847579714506,0.9988026057942696,283.0
-1.261483091748938,-0.9385366608874619,0.934533242991406,-0.4087409886247417,-0.17880964074901567,-0.13671831223964442,0.49221373644138106,-0.8418550087886634,-0.1401434372201332,-0.1988934109205077,129.0
-0.4977856166728791,-0.9385366608874619,-1.3767562806810139,-1.711613329548328,-0.7691600303884711,-1.083495356679683,1.2191047204276506,-1.6197925891295823,-0.15254844373256496,-0.8376646198350556,59.0
0.7241303434488151,1.0654884797514668,2.634010833927009,0.6046041654269366,-1.0783911868662812,-0.2462095350660432,-1.979215609111935,2.269895312575013,-0.10615123158989638,0.5197241991083587,341.0
0.6477605959412093,-0.9385366608874619,-1.0595204637063684,-0.046832005034856565,-0.8816077236531293,-1.8306119359657,2.3821302948056817,-1.6197925891295823,-0.12895970755669198,0.04064579242244776,87.0
0.34228160591078566,-0.9385366608874619,-1.3314368782560646,-1.204940752522489,-1.162726956814775,-0.9868854541858014,0.20145734284687325,-0.8418550087886634,-0.180264643333267,-1.3167430265209665,65.0
1.0296093334792387,1.0654884797514668,-0.6516458418818235,-1.0362911661696026,1.0300030618460598,-0.0658710504107979,2.6728866884001894,-1.1374712893182124,-0.08005209300220953,0.3600313968797217,102.0
0.26591185840317977,-0.9385366608874619,0.48133921874191193,1.1112767424527756,0.18664536236112345,-0.5682425433789816,0.7829701300358889,-0.8418550087886634,-0.038607836969336055,-0.5182790153777816,265.0
-0.19230662664245554,-0.9385366608874619,0.23208250540468983,-1.204940752522489,-0.4880407972268257,-0.864512911026885,0.637591933238635,-0.8418550087886634,-0.08535560080014079,-0.11904700980618921,276.0
-0.03956713162724377,1.0654884797514668,1.5010257733032737,2.052240099786477,1.8171369146986671,1.5700566318189288,-0.38005544434214233,1.4919577322340938,-0.01788005489341321,0.43987779799404014,252.0
-0.03956713162724377,1.0654884797514668,0.3000616090421141,-1.5668497361123739,0.07419766909646526,0.14667073507574171,-0.23467724754488842,-0.06391742844774428,-0.08267557660374479,0.04064579242244776,90.0
0.113172363387968,1.0654884797514668,-0.17579211641985426,0.45984057199098255,1.142450755110718,1.5249720106551174,-0.45274454274076925,0.7140201518931748,-0.09091919533443103,1.7972666169374545,100.0
-2.1015503143326026,-0.9385366608874619,-1.422075683105963,-2.290667703292144,-1.5000700366087494,-1.4763756268214678,0.34683553964412717,-0.8418550087886634,-0.16835719405560923,-0.1988934109205077,55.0
-1.261483091748938,1.0654884797514668,-0.22111151884480432,-0.31247319898983233,-2.4727425833480425,-2.6034911559167524,-3.251274831087907,0.35041212684182954,8.754393237740054,-2.4345926421214252,141.0
0.41865135341839155,-0.9385366608874619,-0.4930279333945007,-1.494467939394397,0.43965267220660437,-0.18824359356971437,2.3821302948056817,-1.6197925891295823,-0.1592993907589293,1.398034611365862,92.0
0.9532395859716328,1.0654884797514668,1.4330466696658504,0.17031338511907448,-0.3193692573298384,0.11446743424444787,-1.4703919203215465,1.4919577322340938,-0.06625618785620525,-0.3585862131491447,259.0
0.5713908484336033,1.0654884797514668,-0.742284646731722,0.6769859621449136,-0.20692156406518022,0.0500608325818602,-0.16198814914626147,-0.06391742844774428,-0.12504709839233347,-0.9973574220636925,53.0
-1.1851133442413322,-0.9385366608874619,-0.24377122005727855,-0.6982681754966498,-0.9378315702854584,-0.9611228135207665,0.1287682444482463,-0.8418550087886634,-0.11638507925967831,-1.7159750320925589,190.0
-1.6433318292869674,-0.9385366608874619,-1.5353741891683368,-1.204940752522489,-1.6968534998219011,-1.5085789276527617,-0.45274454274076925,-0.8418550087886634,-0.12895970755669198,-1.6361286309782404,142.0
1.4114580710172682,1.0654884797514668,-0.8782428540065705,0.2426951818370515,0.07419766909646526,0.14023007490948286,0.8556592284345158,-0.8418550087886634,-0.180264643333267,-0.43843261426346314,75.0
-0.8796343542109085,1.0654884797514668,0.3000616090421141,-0.11921380175283358,-0.23503348738134475,0.14667073507574171,-1.3977028219229195,1.4919577322340938,-0.06250189235745655,-0.2787398120348262,142.0
0.7241303434488151,-0.9385366608874619,-0.15313241520738005,0.31507697855502853,-0.8816077236531293,-0.7485810280342273,-0.016609952349007584,-0.8418550087886634,-0.13303063038666052,0.12049219353676624,155.0
1.2587185760020563,1.0654884797514668,0.34538101146706335,0.6046041654269366,-0.8253838770208003,-0.5811238637114993,-0.5254336411393962,-0.06391742844774428,-0.10946451044873184,-0.43843261426346314,225.0
-1.1087435967337262,-0.9385366608874619,-0.1984518176323293,-0.11921380175283358,0.8332195986329081,0.9388719355255699,0.564902834840008,-0.06391742844774428,-0.12895970755669198,-0.2787398120348262,59.0
-0.19230662664245554,-0.9385366608874619,-0.33441002490717786,1.4731857260426608,0.27098113230961707,0.4751444035549385,0.34683553964412717,-0.06391742844774428,-0.14773118505043556,0.9189562046799511,104.0
-1.0323738492261203,-0.9385366608874619,0.5266586211668612,0.17031338511907448,0.43965267220660437,0.38497516122731584,1.0737265236303966,-0.8418550087886634,-0.1575692485561927,0.12049219353676624,182.0
-0.8796343542109085,-0.9385366608874619,-1.0368607624938933,-0.7706499722146267,-0.12258579411668657,-0.44587000022006507,1.7279284092180391,-0.8418550087886634,-0.1889718949418107,0.12049219353676624,128.0
-0.8796343542109085,-0.9385366608874619,0.8665541393539818,-0.5535045820606956,-0.6286004138076484,-0.6068865043765342,-0.6708118379366501,0.05277320860339385,-0.06474089991393922,-0.3585862131491447,52.0
-0.574155364180485,-0.9385366608874619,-1.3314368782560646,-1.0601771590865348,-1.8093011930865595,-2.1268823036136033,1.0737265236303966,-1.6197925891295823,-0.17614848802740993,-1.3167430265209665,37.0
0.8768698384640269,-0.9385366608874619,-1.3540965794685398,0.7493677588628906,0.27098113230961707,-1.1736645990073056,3.61784496758234,-1.6197925891295823,-0.1072481191301935,-0.9973574220636925,170.0
1.3350883235096622,1.0654884797514668,-0.5383473358194499,0.2426951818370515,1.33923421832387,1.0161598575206754,0.637591933238635,-0.06391742844774428,-0.058860678048429246,0.3600313968797217,170.0
-1.4905923342717557,-0.9385366608874619,-0.08515331156995576,-0.8430317689326038,-1.331398496711762,-1.5987481699803843,1.0737265236303966,-1.6197925891295823,-0.17025695804292784,-0.6779718176064186,61.0
-0.8796343542109085,1.0654884797514668,0.09612429812984206,-1.1325589558045117,-0.8816077236531293,-0.5424799027139466,-1.5430810187201736,1.4919577322340938,-0.061031836891079064,0.3600313968797217,144.0
-0.574155364180485,1.0654884797514668,-0.15313241520738005,-0.8430317689326038,-0.20692156406518022,-0.2655315155648198,1.2191047204276506,-0.8418550087886634,-0.20868194631024142,-0.5182790153777816,52.0
-0.7268948591956967,-0.9385366608874619,-0.787604049156672,-1.2773225492404658,0.43965267220660437,0.9131092948605345,-0.23467724754488842,-0.06391742844774428,-0.14463276045207066,-1.396589427635285,128.0
1.4114580710172682,1.0654884797514668,-0.5383473358194499,-0.8430317689326038,-1.275174650079433,-1.2123085600048584,-0.016609952349007584,-0.8418550087886634,-0.1303053737143761,0.20033859465108472,71.0
-0.9560041017185145,1.0654884797514668,-0.5156876346069749,1.2560403358887298,0.13042151572879435,0.327009219730987,-1.0342573299297848,1.4919577322340938,-0.0539642625334949,0.2801849957654032,163.0
-0.19230662664245554,1.0654884797514668,-0.3797294273321271,-0.6982681754966498,-0.403705027278332,0.2690432782346582,-1.3977028219229195,1.4919577322340938,-0.10615123158989638,0.3600313968797217,150.0
0.8768698384640269,1.0654884797514668,-0.31175032369470285,-0.36024518482369694,-0.09447387080052203,0.1917553562395528,-0.23467724754488842,-0.048358676840926235,-0.12124757041769613,0.04064579242244776,97.0
0.800500090956421,1.0654884797514668,-0.6289861406693484,-0.8430317689326038,-0.6567123371238129,-0.4780733010513589,-0.16198814914626147,-0.06391742844774428,-0.12250277162360317,0.04064579242244776,160.0
0.34228160591078566,-0.9385366608874619,-0.968881658856469,-0.11921380175283358,-1.528181959924914,-1.244511860836152,-0.23467724754488842,-0.8418550087886634,-0.17025695804292784,0.3600313968797217,178.0
-0.03956713162724377,-0.9385366608874619,-1.4673950855309132,-0.2639773951887876,0.01797382246413616,-0.16892161307093825,1.4371720156235313,-0.8418550087886634,-0.18453911230473388,0.7592634024513141,48.0
-0.03956713162724377,-0.9385366608874619,0.707936230866659,2.631294473530293,0.523988442155098,0.5588729857163023,-0.16198814914626147,-0.06391742844774428,-0.07334637845173374,1.1584954080229066,270.0
1.3350883235096622,1.0654884797514668,-0.08515331156995576,-0.2639773951887876,2.126368071176477,1.0226005176869337,1.1464156220290236,-0.06391742844774428,-0.0016755204063442378,-0.3585862131491447,202.0
0.26591185840317977,1.0654884797514668,-0.42504882975707636,-0.046832005034856565,0.8051076753167434,1.1127697600145567,-0.08929905074763453,0.7140201518931748,-0.11286825425934438,-0.1988934109205077,111.0
0.26591185840317977,1.0654884797514668,0.050804895704892813,1.1836585391707528,0.5802122887874271,0.3720938408947986,0.8556592284345158,-0.8418550087886634,-0.10188807073740161,1.398034611365862,85.0
-0.19230662664245554,1.0654884797514668,-0.6516458418818235,-0.5535045820606956,-0.20692156406518022,-0.0014644487482102157,-0.38005544434214233,-0.06391742844774428,-0.0987896461390367,0.5197241991083587,42.0
-0.6505251116880909,1.0654884797514668,0.5946377248042855,1.4731857260426608,-2.5683231226230023,-2.1784075849436735,-1.0342573299297848,-1.0207806522670748,-0.14463276045207066,0.2801849957654032,170.0
-2.025180566824997,-0.9385366608874619,-0.764944347944197,-1.5668497361123739,-0.7691600303884711,-0.5489205628802054,0.34683553964412717,-0.8418550087886634,-0.198402866164571,-0.039200608691870725,200.0
0.113172363387968,-0.9385366608874619,-1.2181383721936911,-0.4811227853427187,-1.3595104200279267,-1.3862063844938453,-1.0342573299297848,-0.06391742844774428,-0.053274467276194684,-1.6361286309782404,252.0
-2.177920061840209,-0.9385366608874619,-0.787604049156672,-0.5535045820606956,0.07419766909646526,0.4300597823911269,0.2741464412455002,-0.06391742844774428,-0.1912561349741819,-0.5182790153777816,113.0
1.4878278185248741,-0.9385366608874619,0.25474220661716485,0.8941313522988447,1.4797938349046926,1.1192104201808153,1.0737265236303966,-0.06391742844774428,-0.07498605570269326,-0.11904700980618921,143.0
0.26591185840317977,1.0654884797514668,-0.4703682321820256,-0.6258863787786727,0.24286920899345255,0.6039576068801138,-0.38005544434214233,0.7140201518931748,-0.11403299051347425,-0.039200608691870725,51.0
-0.34504612165766735,-0.9385366608874619,-0.742284646731722,-0.5535045820606956,0.6926599820520852,0.3720938408947986,2.018684802812547,-0.8418550087886634,-0.19358560748244164,-1.5562822298639218,52.0
-0.8032646067033027,-0.9385366608874619,0.2094228041922156,-0.9877953623685578,-1.1908388801309393,-1.0706140363471657,-0.16198814914626147,-0.8418550087886634,-0.12633622395515673,-0.8376646198350556,210.0
0.03680261588036212,-0.9385366608874619,-0.8329234515816213,-2.1220181169392576,-0.5723765671753194,-0.6004458442102754,0.9283483268331427,-1.06745690708753,-0.1912561349741819,-2.5144390432357437,65.0
0.9532395859716328,-0.9385366608874619,1.5010257733032737,0.02554979168312045,-0.17880964074901567,-0.0014644487482102157,0.34683553964412717,-0.8418550087886634,-0.1575692485561927,-1.396589427635285,141.0
-1.4905923342717557,1.0654884797514668,-1.5806935915932867,-0.8430317689326038,-1.0221673402339522,-0.2912941562298548,-0.743500936335277,-0.06391742844774428,-0.22611906576527308,-0.6779718176064186,55.0
0.9532395859716328,-0.9385366608874619,-0.130472713994905,0.2426951818370515,1.3111222950077053,0.352771860396022,1.94599570441392,-0.8418550087886634,-0.053274467276194684,-0.7578182187207371,134.0
-1.1087435967337262,1.0654884797514668,-0.8555831527940955,-1.42208614267642,-0.6286004138076484,-0.7421403678679684,0.7829701300358889,-0.8418550087886634,-0.14931432170653444,1.3181882102515434,42.0
-0.9560041017185145,-0.9385366608874619,-1.0142010612814192,-0.4087409886247417,0.01797382246413616,-0.31061613672863086,1.3644829172249044,-0.8418550087886634,-0.13724855876326675,0.3600313968797217,111.0
0.26591185840317977,-0.9385366608874619,-0.5383473358194499,-0.8430317689326038,-0.6004884904914839,-0.9095975321906965,1.5825502124207853,-1.6197925891295823,-0.19597162058556206,0.20033859465108472,98.0
0.9532395859716328,-0.9385366608874619,1.0931511514787289,-1.1325589558045117,1.3111222950077053,1.3510741861661315,-0.16198814914626147,0.7140201518931748,-0.06029680915789032,0.3600313968797217,164.0
-0.42141586916527324,-0.9385366608874619,0.09612429812984206,2.052240099786477,0.13042151572879435,-0.4072260392225124,1.2917938188262774,-0.8418550087886634,-0.09091919533443103,0.20033859465108472,48.0
-1.0323738492261203,-0.9385366608874619,-1.3540965794685398,-2.14590410985619,-0.03825002416819293,-0.2977348163961136,1.2917938188262774,-1.0052219006602563,-0.14773118505043556,-1.077203823178011,96.0
-1.6433318292869674,-0.9385366608874619,-0.3570697261196521,-0.2639773951887876,0.01797382246413616,-0.2590908553985609,1.4371720156235313,-0.8418550087886634,-0.1575692485561927,-1.7958214332068774,90.0
-1.4905923342717557,-0.9385366608874619,-1.2181383721936911,-1.711613329548328,-0.9097196469692939,-0.5746832035452404,-0.8161900347339041,-0.06391742844774428,-0.10506565216857147,-0.11904700980618921,162.0
1.1823488284944506,1.0654884797514668,0.2094228041922156,1.0388949457347987,-0.06636194748435748,-0.23332821473352594,-0.8161900347339041,0.7140201518931748,-0.031076629733894343,0.5995706002226772,150.0
-0.574155364180485,-0.9385366608874619,1.8635809927028695,-0.5296185891437634,0.4677645955227689,0.8937873143617584,-0.5981227395380232,0.7140201518931748,-0.10293972580181018,1.4778810124801804,279.0
0.03680261588036212,1.0654884797514668,-0.10781301278243079,-0.2639773951887876,-0.2912573340136739,-0.2655315155648198,0.20145734284687325,-0.8418550087886634,-0.11403299051347425,-1.3167430265209665,92.0
-0.03956713162724377,-0.9385366608874619,-1.3540965794685398,0.2426951818370515,0.5802122887874271,0.7907367517016185,-0.23467724754488842,0.7140201518931748,-0.09186907732809034,-1.077203823178011,83.0
0.34228160591078566,-0.9385366608874619,0.3680407126795384,-0.4811227853427187,1.2548984483753762,0.9324312753593115,0.637591933238635,-0.06391742844774428,-0.06029680915789032,-0.039200608691870725,128.0
0.34228160591078566,1.0654884797514668,-0.9462219576439949,1.3284221326067067,0.24286920899345255,0.011416871584307502,1.2917938188262774,-0.8418550087886634,-0.14463276045207066,0.6794170013369956,102.0
-1.948810819317391,-0.9385366608874619,0.5946377248042855,-0.3363591919067646,0.7769957520005789,0.5331103450512678,1.1464156220290236,-0.8418550087886634,-0.11286825425934438,-0.039200608691870725,302.0
1.2587185760020563,1.0654884797514668,0.8665541393539818,0.2426951818370515,0.8613315219490726,1.4734467293250475,-0.6708118379366501,0.7140201518931748,-0.1200149854497335,-0.5981254164921002,198.0
-0.574155364180485,-0.9385366608874619,1.3650675660284253,-0.046832005034856565,-0.4880407972268257,-0.33637877739366584,0.49221373644138106,-0.8418550087886634,-0.1823792615810562,-1.236896625406648,95.0
0.49502110092599744,1.0654884797514668,-0.6743055430942985,-0.8430317689326038,-0.6286004138076484,-0.426548019721289,-0.23467724754488842,-0.06391742844774428,-0.1200149854497335,0.3600313968797217,53.0
-2.025180566824997,-0.9385366608874619,-1.603353292805761,-0.9154135656505807,-0.9097196469692939,-0.6970557467041569,0.20145734284687325,-0.8418550087886634,-0.180264643333267,-1.6361286309782404,134.0
0.5713908484336033,-0.9385366608874619,1.0478317490537796,-1.156444948721444,-0.03825002416819293,0.8551433533642061,-1.1069464283284118,1.1029889420636343,-0.1721906463871629,-0.11904700980618921,144.0
0.41865135341839155,1.0654884797514668,0.9571929442038811,0.6284901583438689,-1.2470627267632683,-1.1285799778434946,-1.3977028219229195,0.5584326358249908,-0.049915955941470684,0.7592634024513141,232.0
0.800500090956421,1.0654884797514668,-0.1984518176323293,0.04943578460005275,0.04608574578030071,0.7907367517016185,-1.0342573299297848,1.0485333114397697,-0.13868468987272783,2.03680582028041,81.0
0.8768698384640269,1.0654884797514668,-0.6743055430942985,-0.4811227853427187,-0.9940554169177875,-0.8065469695305562,0.637591933238635,-0.8418550087886634,-0.26291568490059924,0.2801849957654032,104.0
0.41865135341839155,-0.9385366608874619,0.09612429812984206,-0.5535045820606956,0.49587651883893347,0.2303993172371055,1.3644829172249044,-0.8418550087886634,-0.1358237357727778,-0.9175110209493741,59.0
-1.7960713243021793,-0.9385366608874619,0.4360198163169627,-0.5535045820606956,0.13042151572879435,0.4236191222248685,-0.016609952349007584,-0.06391742844774428,-0.1358237357727778,0.04064579242244776,246.0
0.41865135341839155,1.0654884797514668,0.3000616090421141,1.3284221326067067,0.32720497894194617,0.43650044255738624,-0.888879133132531,0.7140201518931748,-0.0486042141407031,1.717420215823136,297.0
0.49502110092599744,-0.9385366608874619,2.3167750169523638,1.3284221326067067,0.29909305562578165,-0.6584117857066042,-0.45274454274076925,0.42618324716703465,0.016621016090569696,0.43987779799404014,258.0
-0.6505251116880909,1.0654884797514668,0.028145194492417782,-0.11921380175283358,1.33923421832387,1.0354818380194515,-0.888879133132531,2.269895312575013,-0.002534937448226478,0.04064579242244776,229.0
1.0296093334792387,1.0654884797514668,1.2291093587535775,1.4731857260426608,0.29909305562578165,0.4429411027236447,-0.38005544434214233,0.7140201518931748,-0.07919267596032739,0.5197241991083587,275.0
1.2587185760020563,-0.9385366608874619,-0.44770853096955143,1.8350947096325458,0.9456672918975662,0.6683642085427015,-0.888879133132531,1.4919577322340938,-0.0083360024809315,2.595730628080639,281.0
-1.1851133442413322,1.0654884797514668,-0.22111151884480432,0.5322223687089596,0.49587651883893347,0.8422620330316885,-0.743500936335277,0.7140201518931748,-0.08092281816306399,1.0786490069085881,179.0
0.34228160591078566,-0.9385366608874619,-0.9915413600689441,-0.046832005034856565,-0.3755931039621675,-0.864512911026885,0.7102810316372619,-0.8418550087886634,-0.07254350200471214,0.5197241991083587,200.0
-1.0323738492261203,-0.9385366608874619,0.09612429812984206,0.2426951818370515,-0.7410481070723066,-0.36214141805870126,-0.30736634594351536,-0.06391742844774428,-0.15587303071037253,-0.43843261426346314,200.0
1.3350883235096622,-0.9385366608874619,0.3680407126795384,0.45984057199098255,0.18664536236112345,0.46226308322242077,-0.6708118379366501,0.7140201518931748,-0.08179354332391833,0.20033859465108472,173.0
1.0296093334792387,1.0654884797514668,1.7049630842155459,0.45984057199098255,0.9175553685814016,1.3381928658336137,-1.0342573299297848,1.4919577322340938,-0.06625618785620525,0.9189562046799511,180.0
0.113172363387968,1.0654884797514668,0.7305959320791341,-0.022946012117924273,3.1383973105584007,4.1076767373248835,-1.1796355267270386,3.8957848554875336,-0.08717620795465444,1.398034611365862,84.0
-0.11593687913484967,-0.9385366608874619,0.503998919954387,0.17031338511907448,-0.6848242604399775,-0.7807843288655212,0.49221373644138106,-0.8418550087886634,-0.12633622395515673,-0.2787398120348262,121.0
-0.11593687913484967,1.0654884797514668,-0.17579211641985426,-0.046832005034856565,-0.6567123371238129,-1.2895964819999637,-0.6708118379366501,-0.06391742844774428,-0.0065153953264178435,0.12049219353676624,161.0
-1.872441071809785,-0.9385366608874619,-1.2861174758311154,-0.5535045820606956,-1.1065031101824456,-1.1028173371784595,0.8556592284345158,-1.6197925891295823,-0.22302064116690815,-1.077203823178011,99.0
0.7241303434488151,1.0654884797514668,-0.0398339091450065,-0.2639773951887876,0.8051076753167434,0.30124657906595204,1.5825502124207853,-0.8418550087886634,-0.10084772379196523,-1.8756678343211959,109.0
-1.1087435967337262,-0.9385366608874619,-1.3087771770435896,-0.5535045820606956,-0.09447387080052203,-0.08519303090957402,0.637591933238635,-0.8418550087886634,-0.14463276045207066,-1.396589427635285,115.0
0.1895421108955739,-0.9385366608874619,0.34538101146706335,0.09793158840109747,0.214757285677288,0.23683997740336438,-0.5254336411393962,0.7140201518931748,-0.05814826655318472,2.276345023623365,268.0
-1.3378528392565439,1.0654884797514668,2.0221989011901913,2.197003693222431,-0.03825002416819293,-0.07875237074331515,-0.08929905074763453,-0.06391742844774428,-0.07834456703741727,1.398034611365862,274.0
-2.025180566824997,-0.9385366608874619,-1.4673950855309132,-1.42208614267642,-0.3755931039621675,-0.2011249139022321,0.34683553964412717,-0.8418550087886634,-0.16464813103274897,-1.5562822298639218,158.0
0.34228160591078566,1.0654884797514668,-0.44770853096955143,-0.1915955984708106,0.7207719053682499,1.0032785371881576,0.05607914604961936,-0.06391742844774428,-0.12250277162360317,0.43987779799404014,107.0
-0.8796343542109085,1.0654884797514668,-1.1274995673437926,-0.8430317689326038,-1.6968534998219011,-1.4570536463226917,-0.016609952349007584,-0.8418550087886634,-0.19597162058556206,-0.5981254164921002,83.0
-1.5669620817793615,-0.9385366608874619,0.9118735417789311,-0.6982681754966498,0.27098113230961707,0.024298191916824762,1.2917938188262774,-0.8418550087886634,-0.1401434372201332,-0.9175110209493741,103.0
-0.11593687913484967,-0.9385366608874619,1.1837899563286283,-0.7706499722146267,-0.965943493601623,-0.864512911026885,-1.3977028219229195,0.7918139099272664,-0.04349294436529819,1.0786490069085881,272.0
-1.948810819317391,-0.9385366608874619,-1.7166517988681347,-1.204940752522489,-1.218950803447104,-1.3797657243275863,1.0010374252317698,-1.6197925891295823,-0.1889718949418107,-0.43843261426346314,85.0
0.113172363387968,-0.9385366608874619,1.0478317490537796,2.052240099786477,-0.2912573340136739,-0.31705679689488975,-0.08929905074763453,-0.06391742844774428,-0.08535560080014079,-0.2787398120348262,280.0
0.7241303434488151,1.0654884797514668,2.3394347181648385,1.6179493194786148,-0.6286004138076484,-0.6777337662053808,-0.38005544434214233,-0.06391742844774428,-0.07172931743871844,1.398034611365862,336.0
0.49502110092599744,-0.9385366608874619,1.2970884623910017,1.1112767424527756,-0.6848242604399775,-0.9868854541858014,-0.5254336411393962,-0.06391742844774428,-0.038607836969336055,-0.11904700980618921,281.0
0.8768698384640269,1.0654884797514668,0.3000616090421141,0.8941313522988447,-0.6004884904914839,-0.007905108914469074,-0.8161900347339041,-0.06391742844774428,-0.14773118505043556,0.2801849957654032,118.0
-0.574155364180485,-0.9385366608874619,1.0025123466288304,-0.9877953623685578,0.7207719053682499,1.1964983421759205,-1.5430810187201736,2.736657860779564,-0.05058313496082668,2.5158842269663206,317.0
0.8768698384640269,1.0654884797514668,0.25474220661716485,0.8217495555808676,1.142450755110718,0.9324312753593115,0.1287682444482463,-0.06391742844774428,-0.049915955941470684,-0.039200608691870725,235.0
-0.6505251116880909,-0.9385366608874619,0.11878399934231629,-0.1915955984708106,0.4115407488904398,0.15955205540825898,1.5098611140221583,-0.8418550087886634,-0.1575692485561927,-0.8376646198350556,60.0
0.6477605959412093,1.0654884797514668,0.9798526454163553,-0.3363591919067646,0.43965267220660437,1.0612444786844868,-1.1069464283284118,1.4919577322340938,-0.0987896461390367,0.12049219353676624,174.0
-0.8796343542109085,-0.9385366608874619,2.7019899375644325,1.3284221326067067,-0.6567123371238129,-0.6519711255403459,0.2741464412455002,-0.8418550087886634,-0.12633622395515673,-0.9973574220636925,259.0
-0.6505251116880909,1.0654884797514668,1.2517690599660516,0.02554979168312045,0.27098113230961707,0.6683642085427015,-0.8161900347339041,0.7140201518931748,-0.08810347371036943,0.12049219353676624,178.0
-1.1851133442413322,-0.9385366608874619,1.954219797552768,-0.4087409886247417,0.32720497894194617,0.5009070442199739,-0.5254336411393962,0.527315132611354,-0.07416056301772744,0.7592634024513141,128.0
-1.261483091748938,1.0654884797514668,0.32272131025458917,-0.4087409886247417,0.7769957520005789,1.009719197354416,0.4195246380427541,-0.06391742844774428,-0.14463276045207066,-0.039200608691870725,96.0
-1.0323738492261203,1.0654884797514668,-0.10781301278243079,-0.9877953623685578,-0.403705027278332,-0.4007853790562535,-1.3250137235242927,1.4919577322340938,-0.03052253190425973,-0.7578182187207371,126.0
0.49502110092599744,-0.9385366608874619,1.4783660720907987,0.5322223687089596,-0.6848242604399775,-0.278412835897337,-0.5981227395380232,-0.06391742844774428,-0.1303053737143761,-0.1988934109205077,288.0
0.03680261588036212,-0.9385366608874619,-0.08515331156995576,-0.11921380175283358,-0.15069771743285112,-0.47163264088510004,1.0737265236303966,-0.8418550087886634,-0.1175837398707245,-0.2787398120348262,88.0
-0.7268948591956967,1.0654884797514668,-0.017174207932531473,1.4731857260426608,0.8332195986329081,1.396158807329942,-1.2523246251256657,2.269895312575013,-0.07334637845173374,1.398034611365862,292.0
0.8768698384640269,1.0654884797514668,-0.9235622564315198,1.3284221326067067,-0.06636194748435748,0.352771860396022,-0.23467724754488842,-0.06391742844774428,-0.14931432170653444,0.20033859465108472,71.0
1.4114580710172682,1.0654884797514668,0.4360198163169627,-0.11921380175283358,0.43965267220660437,0.5588729857163023,-0.016609952349007584,-0.06391742844774428,-0.09577037837347675,0.04064579242244776,197.0
-0.574155364180485,1.0654884797514668,1.2744287611785268,1.0388949457347987,1.760913068066338,1.7954797376379859,-0.016609952349007584,0.7140201518931748,-0.05958439766264589,0.9189562046799511,186.0
-0.34504612165766735,-0.9385366608874619,-0.22111151884480432,0.02554979168312045,-0.7410481070723066,-0.7163777272029335,0.2741464412455002,-0.8418550087886634,-0.13303063038666052,-0.6779718176064186,25.0
-0.03956713162724377,1.0654884797514668,-0.6969652443067728,-0.38485499570780934,0.6645480587359207,0.9002279745280177,-0.23467724754488842,0.4106244955602166,-0.09380276567232539,0.5197241991083587,84.0
-0.26867637415006146,-0.9385366608874619,-1.3767562806810139,-1.4705819464774645,0.04608574578030071,0.3656531807285397,-0.016609952349007584,-0.15726993808865466,-0.14463276045207066,-0.9973574220636925,96.0
-0.11593687913484967,-0.9385366608874619,0.9118735417789311,1.8350947096325458,0.29909305562578165,0.16599271557451784,-0.23467724754488842,-0.06391742844774428,-0.0539642625334949,-0.3585862131491447,195.0
-0.19230662664245554,-0.9385366608874619,-1.3087771770435896,-1.5668497361123739,-0.4599288739106611,-0.25265019523230203,0.1287682444482463,-0.8418550087886634,-0.15092007460057755,-0.9175110209493741,53.0
-0.9560041017185145,1.0654884797514668,1.34240786481595,1.4731857260426608,2.744830384132097,2.7229348015792487,-0.743500936335277,2.269895312575013,-0.012531314619593526,1.6375738147088175,217.0
-1.1087435967337262,-0.9385366608874619,0.6399571272292347,-1.5668497361123739,-0.4599288739106611,-0.21400623423474935,-0.016609952349007584,-0.06391742844774428,-0.14463276045207066,-0.039200608691870725,172.0
0.34228160591078566,1.0654884797514668,1.5236854745157489,1.6179493194786148,-0.15069771743285112,0.133789414743224,-0.08929905074763453,-0.06391742844774428,-0.1358237357727778,1.1584954080229066,131.0
0.9532395859716328,-0.9385366608874619,-0.40238912854460135,0.45984057199098255,0.5802122887874271,-0.2590908553985609,2.018684802812547,-0.8418550087886634,-0.08445095128237001,-0.2787398120348262,214.0
-0.8796343542109085,-0.9385366608874619,-1.399415981893489,-0.9877953623685578,-0.7410481070723066,-0.8709535711931439,1.0010374252317698,-0.8418550087886634,-0.17614848802740993,-0.2787398120348262,59.0
-1.1851133442413322,1.0654884797514668,-1.2634577746186404,-0.7706499722146267,-1.7811892697703948,-1.4377316658239152,-0.23467724754488842,-0.8418550087886634,-0.2034236709881988,-2.0353606365498327,70.0
1.4878278185248741,-0.9385366608874619,1.4557063708783238,0.7978635626639353,0.4677645955227689,0.0500608325818602,-0.6708118379366501,0.8151520373374942,-0.010179225873389474,2.03680582028041,220.0
0.03680261588036212,1.0654884797514668,1.2517690599660516,-0.046832005034856565,1.2830103716915409,1.3188708853348377,-1.1069464283284118,2.269895312575013,-0.02091063077794527,2.436037825852002,268.0
-0.03956713162724377,-0.9385366608874619,-0.5610070370319249,1.0388949457347987,1.2267865250592116,-0.31061613672863086,-0.888879133132531,1.4919577322340938,0.05924131649654525,0.3600313968797217,152.0
0.49502110092599744,1.0654884797514668,-0.42504882975707636,-0.7706499722146267,-0.2631454106975093,-0.2912941562298548,1.2191047204276506,-0.8418550087886634,-0.22611906576527308,-0.3585862131491447,47.0
-0.42141586916527324,-0.9385366608874619,-0.968881658856469,-2.0735223131382132,-1.528181959924914,-1.2123085600048584,-0.30736634594351536,-0.8418550087886634,-0.17025695804292784,-0.9175110209493741,74.0
0.8768698384640269,1.0654884797514668,1.5010257733032737,0.17031338511907448,0.8051076753167434,0.34633120022976316,-0.30736634594351536,0.7140201518931748,-0.015426193076459984,1.6375738147088175,295.0
-1.3378528392565439,1.0654884797514668,-1.6713323964431852,-0.11921380175283358,-1.4438461899764203,-1.3475624234962926,-0.16198814914626147,-0.8418550087886634,-0.12895970755669198,-1.077203823178011,101.0
0.34228160591078566,1.0654884797514668,0.2094228041922156,-0.9154135656505807,-1.9498608096673822,-1.9272218384595816,-0.743500936335277,-0.8418550087886634,-0.08535560080014079,0.12049219353676624,151.0
1.4114580710172682,-0.9385366608874619,-0.8102637503691462,-0.5535045820606956,-0.6286004138076484,-0.5231579222151704,0.20145734284687325,-0.8418550087886634,-0.1401434372201332,0.04064579242244776,127.0
0.9532395859716328,1.0654884797514668,0.41336011510448767,0.8217495555808676,0.43965267220660437,0.5524323255500438,0.20145734284687325,-0.06391742844774428,-0.11058401422697318,0.3600313968797217,237.0
1.0296093334792387,-0.9385366608874619,0.5719780235918105,-0.5296185891437634,0.49587651883893347,0.39785648155983355,-1.1796355267270386,1.6786627515159145,-0.01689624854283748,0.5995706002226772,225.0
0.8768698384640269,-0.9385366608874619,-0.17579211641985426,-0.5535045820606956,0.523988442155098,0.352771860396022,1.4371720156235313,-0.8418550087886634,-0.16648004630623484,-0.5981254164921002,81.0
-0.4977856166728791,-0.9385366608874619,-0.33441002490717786,-0.2639773951887876,0.43965267220660437,0.8680246736967239,-0.8161900347339041,0.7140201518931748,-0.08903073946608453,-0.1988934109205077,151.0
-0.8032646067033027,1.0654884797514668,0.09612429812984206,0.7493677588628906,-0.20692156406518022,0.14023007490948286,-0.888879133132531,0.7140201518931748,-0.08626025031791155,-0.039200608691870725,107.0
1.0296093334792387,-0.9385366608874619,-0.9009025552190456,-1.1325589558045117,0.9456672918975662,1.0483631583519692,0.7102810316372619,-0.06391742844774428,-0.13868468987272783,-1.236896625406648,64.0
0.9532395859716328,1.0654884797514668,0.11878399934231629,1.1836585391707528,1.33923421832387,1.853445679134315,-0.743500936335277,1.4919577322340938,-0.08717620795465444,-0.1988934109205077,138.0
0.9532395859716328,1.0654884797514668,-0.742284646731722,1.3284221326067067,-0.06636194748435748,-0.014345769080727476,-0.16198814914626147,-0.06391742844774428,-0.08717620795465444,1.0786490069085881,185.0
0.34228160591078566,-0.9385366608874619,0.503998919954387,-0.4811227853427187,-0.4880407972268257,-0.5167172620489117,-0.5981227395380232,-0.06391742844774428,-0.06029680915789032,0.5995706002226772,265.0
-1.5669620817793615,1.0654884797514668,-0.3797294273321271,0.17031338511907448,-0.3755931039621675,-0.49095462138387663,-1.2523246251256657,0.7140201518931748,-0.02298001654984591,-0.3585862131491447,101.0
-1.7197015767945734,1.0654884797514668,0.8892138405664568,-0.4087409886247417,0.8332195986329081,1.202939002342179,-1.3250137235242927,2.269895312575013,-0.04794834324031932,-0.7578182187207371,137.0
-1.4142225867641498,-0.9385366608874619,-1.150159268556267,-0.5535045820606956,-1.528181959924914,-1.669595431809231,1.0010374252317698,-1.6197925891295823,-0.21420030836864315,-2.0353606365498327,143.0
0.113172363387968,-0.9385366608874619,-0.06249361035748073,1.0388949457347987,1.5360176815370217,1.4734467293250475,0.9283483268331427,-0.06391742844774428,-0.10834500667049052,-0.1988934109205077,141.0
-0.03956713162724377,-0.9385366608874619,-1.399415981893489,0.02554979168312045,-0.03825002416819293,0.08226413341315404,0.2741464412455002,-0.06391742844774428,-0.13166234799103219,-0.5182790153777816,79.0
0.1895421108955739,-0.9385366608874619,-0.2664309212697536,0.6046041654269366,-0.3474811806460029,-0.08519303090957402,-0.888879133132531,0.7140201518931748,-0.07749645811450713,-0.11904700980618921,292.0
-0.11593687913484967,1.0654884797514668,-0.8782428540065705,-0.9154135656505807,-1.6125177298734075,-1.5472228886503143,-0.5981227395380232,-0.8418550087886634,-0.09380276567232539,-0.1988934109205077,178.0
1.1823488284944506,1.0654884797514668,-0.6516458418818235,0.17031338511907448,0.4115407488904398,0.4558224230561624,0.7102810316372619,-0.8418550087886634,-0.1431174725098046,-1.1570502242923295,91.0
0.1895421108955739,1.0654884797514668,-0.10781301278243079,-1.3497043459584428,1.451681911588528,1.743954456307916,-0.743500936335277,1.4919577322340938,-0.057435855057940285,0.3600313968797217,116.0
-1.4142225867641498,-0.9385366608874619,-1.240798073406166,0.6769859621449136,-1.0221673402339522,-0.9997667745183192,-0.16198814914626147,-0.8418550087886634,-0.10400268898519079,0.43987779799404014,86.0
0.5713908484336033,1.0654884797514668,0.5266586211668612,0.31507697855502853,0.5521003654712625,1.0161598575206754,-0.743500936335277,0.7140201518931748,-0.09676549284302459,0.43987779799404014,122.0
-0.4977856166728791,-0.9385366608874619,-0.968881658856469,-0.6982681754966498,0.6926599820520852,0.764974111036583,0.7829701300358889,-0.06391742844774428,-0.14773118505043556,0.20033859465108472,72.0
1.0296093334792387,1.0654884797514668,0.07346459691736704,1.4731857260426608,-0.15069771743285112,0.29480591889969315,-1.0342573299297848,0.7140201518931748,-0.08996931334077173,0.6794170013369956,129.0
-1.1087435967337262,-0.9385366608874619,1.1384705539036781,-0.5535045820606956,-2.6582812772347286,-2.217051545941226,-3.3603084786858473,-0.19725592971817799,8.075906099411974,4.032965848138372,141.0
0.8768698384640269,-0.9385366608874619,-0.9462219576439949,0.7254817659459584,0.9175553685814016,-0.30417547656237204,0.7829701300358889,-0.31285745415683824,0.005030194144131659,0.12049219353676624,90.0
1.1823488284944506,-0.9385366608874619,-1.2181383721936911,-0.16770960555387832,1.0862269084783889,1.029041177853193,1.1464156220290236,-0.4606655944216128,-0.14162480080548281,0.8391098035656326,158.0
-0.7268948591956967,1.0654884797514668,-1.172818969768742,-0.3363591919067646,-0.17880964074901567,-0.14315897240590283,0.7829701300358889,-0.8418550087886634,-0.1721906463871629,0.5197241991083587,39.0
1.7169370610476917,1.0654884797514668,0.028145194492417782,0.7493677588628906,2.6042707675512746,1.8920896401318674,0.4195246380427541,0.7140201518931748,-0.0016755204063442378,-0.5981254164921002,196.0
-0.03956713162724377,1.0654884797514668,0.6399571272292347,1.1112767424527756,0.8332195986329081,1.183617021843403,-0.743500936335277,1.4919577322340938,-0.07498605570269326,0.5197241991083587,222.0
2.3278950411085386,1.0654884797514668,0.14144370055479133,0.6046041654269366,-0.5442646438591547,-0.13027765207338557,-0.888879133132531,0.7140201518931748,-0.10400268898519079,1.4778810124801804,277.0
-0.6505251116880909,-0.9385366608874619,0.9798526454163553,0.31507697855502853,-0.3193692573298384,-0.9482414931882488,0.05607914604961936,-0.06391742844774428,-0.027774658994030983,-0.5182790153777816,99.0
0.03680261588036212,1.0654884797514668,0.5493183223793362,-0.1915955984708106,0.523988442155098,0.8100587322003946,-0.38005544434214233,0.7140201518931748,-0.09478657202290101,0.04064579242244776,196.0
0.1895421108955739,-0.9385366608874619,0.9571929442038811,0.6046041654269366,0.27098113230961707,-0.2655315155648198,0.564902834840008,-0.8418550087886634,-0.04926008504108689,0.6794170013369956,202.0
0.6477605959412093,-0.9385366608874619,0.8438944381415076,1.6179493194786148,0.38342882557427527,0.7971774118678768,-0.5254336411393962,0.7140201518931748,-0.10834500667049052,2.276345023623365,155.0
0.800500090956421,1.0654884797514668,-0.3797294273321271,1.4008039293246837,-1.0221673402339522,-0.3234974570611486,-1.4703919203215465,0.7140201518931748,-0.12124757041769613,-0.2787398120348262,77.0
0.1895421108955739,-0.9385366608874619,0.3000616090421141,0.31507697855502853,1.142450755110718,0.9903972168556399,1.4371720156235313,-0.8418550087886634,-0.14773118505043556,-1.1570502242923295,191.0
1.9460463035705093,-0.9385366608874619,0.7759153345040833,0.45984057199098255,-0.4880407972268257,-0.3234974570611486,0.05607914604961936,-0.8418550087886634,-0.13442152902023305,-0.43843261426346314,70.0
1.4114580710172682,-0.9385366608874619,0.07346459691736704,0.7493677588628906,-1.4888252672822835,-1.4763756268214678,-3.3603084786858473,0.42983955379463673,10.22444870411756,-1.4764358287496033,141.0
0.03680261588036212,-0.9385366608874619,-1.4900547867433875,-0.4811227853427187,-0.010138100852028386,-0.0014644487482102157,0.564902834840008,-0.8418550087886634,-0.13442152902023305,0.12049219353676624,49.0
0.6477605959412093,-0.9385366608874619,-0.6969652443067728,-0.4811227853427187,-0.9378315702854584,-1.6502734513104544,2.091373901211174,-1.6197925891295823,-0.15587303071037253,-1.077203823178011,65.0
0.5713908484336033,1.0654884797514668,1.976879498765243,2.052240099786477,-0.6848242604399775,-0.6390898052078281,-0.8161900347339041,-0.06391742844774428,-0.061031836891079064,2.03680582028041,263.0
0.26591185840317977,1.0654884797514668,0.7532556332916083,1.0388949457347987,1.1143388317945535,1.5442939911538944,-1.3250137235242927,3.047832892915932,-0.049915955941470684,0.9189562046799511,248.0
1.5641975660324798,-0.9385366608874619,0.6626168284417098,2.124621896504454,0.9737792152137308,0.7778554313691007,0.34683553964412717,-0.06391742844774428,-0.06474089991393922,0.8391098035656326,296.0
-0.8796343542109085,-0.9385366608874619,-1.3767562806810139,-0.8430317689326038,-0.09447387080052203,0.3141278993984693,-0.8161900347339041,0.7140201518931748,-0.09777191543154463,-0.2787398120348262,214.0
-1.872441071809785,-0.9385366608874619,-0.8782428540065705,-0.4087409886247417,-1.331398496711762,-1.5085789276527617,0.20145734284687325,-0.8418550087886634,-0.10506565216857147,-0.5981254164921002,185.0
0.49502110092599744,1.0654884797514668,-0.8329234515816213,-0.11921380175283358,-0.965943493601623,-0.6648524458728631,0.2741464412455002,-0.8418550087886634,-0.23257600169836193,-1.3167430265209665,78.0
-0.9560041017185145,-0.9385366608874619,-0.8102637503691462,-0.5535045820606956,-0.2912573340136739,0.03717951224934248,-0.5981227395380232,-0.06391742844774428,-0.10506565216857147,-0.7578182187207371,93.0
-0.4977856166728791,1.0654884797514668,-0.5383473358194499,0.8941313522988447,-1.0783911868662812,-0.9611228135207665,-0.38005544434214233,-0.8418550087886634,-0.10506565216857147,0.3600313968797217,252.0
-2.1015503143326026,-0.9385366608874619,-0.4930279333945007,-1.3497043459584428,-1.162726956814775,-1.2187492201711172,0.2741464412455002,-0.8418550087886634,-0.12895970755669198,-0.9973574220636925,150.0
-0.574155364180485,-0.9385366608874619,-1.399415981893489,-2.363049500010121,-0.9940554169177875,-0.8323096101955911,0.05607914604961936,-0.8418550087886634,-0.15092007460057755,-0.1988934109205077,77.0
0.6477605959412093,1.0654884797514668,0.685276529654184,1.0388949457347987,-0.7972719537046357,-0.8773942313594026,-1.3250137235242927,0.7140201518931748,-0.02831744870469349,0.04064579242244776,208.0
-2.177920061840209,1.0654884797514668,-0.968881658856469,-0.5535045820606956,-0.4880407972268257,-0.49095462138387663,0.637591933238635,-0.8418550087886634,-0.15587303071037253,-1.077203823178011,77.0
1.4114580710172682,1.0654884797514668,-0.6289861406693484,1.207544532087685,0.01797382246413616,-0.30417547656237204,1.5098611140221583,-1.075236282890939,-0.1541994291024966,0.12049219353676624,108.0
-1.1087435967337262,-0.9385366608874619,-0.2664309212697536,-1.2773225492404658,0.01797382246413616,0.18531469607329396,0.2741464412455002,-0.06391742844774428,-0.1401434372201332,-0.9973574220636925,160.0
-0.574155364180485,1.0654884797514668,-0.33441002490717786,-0.6258863787786727,0.1023095924126298,0.004976211418048643,0.8556592284345158,-0.8418550087886634,-0.1358237357727778,0.20033859465108472,53.0
-0.8032646067033027,1.0654884797514668,1.5010257733032737,-1.204940752522489,3.1665092338745655,3.2253062945474325,0.05607914604961936,1.5075164838409119,-0.04411489090876566,1.3181882102515434,220.0
0.1895421108955739,-0.9385366608874619,-0.6516458418818235,0.45984057199098255,0.18664536236112345,0.19819601640581166,0.1287682444482463,-0.06391742844774428,-0.09478657202290101,0.20033859465108472,154.0
0.26591185840317977,1.0654884797514668,0.005485493279942751,-0.24009140227185533,0.8332195986329081,1.1964983421759205,-0.743500936335277,1.173003324294317,-0.07664834919159699,0.5995706002226772,259.0
1.4114580710172682,-0.9385366608874619,0.7759153345040833,-1.0601771590865348,-0.4599288739106611,-0.690615086537898,1.0010374252317698,-0.8418550087886634,-0.13868468987272783,-0.7578182187207371,90.0
0.9532395859716328,-0.9385366608874619,0.8212347369290326,0.9665131490168217,0.1585334390449589,-0.4780733010513589,0.20145734284687325,-0.27396057513979244,-0.026689079572706075,1.0786490069085881,246.0
1.4114580710172682,1.0654884797514668,-0.31175032369470285,1.2321543429717974,-1.1908388801309393,-0.690615086537898,-1.1796355267270386,0.2628163552954417,-0.11286825425934438,0.9189562046799511,124.0
0.5713908484336033,-0.9385366608874619,0.14144370055479133,0.7493677588628906,1.6484653748016798,1.4734467293250475,0.34683553964412717,0.7140201518931748,-0.05603364830539554,0.20033859465108472,67.0
1.1823488284944506,-0.9385366608874619,-1.4447353843184383,-1.4459721355933521,0.01797382246413616,-0.0014644487482102157,0.9283483268331427,-0.8029581297716175,-0.16648004630623484,-0.039200608691870725,72.0
0.7241303434488151,1.0654884797514668,-0.1984518176323293,1.2560403358887298,-0.7129361837561421,-0.13671831223964442,-1.4703919203215465,1.4919577322340938,-0.09283026744072176,-0.43843261426346314,257.0
0.49502110092599744,-0.9385366608874619,0.41336011510448767,-0.2639773951887876,1.7328011447501734,0.816499392366653,1.2917938188262774,-0.06391742844774428,-0.024551845086972682,0.9189562046799511,262.0
1.0296093334792387,1.0654884797514668,1.5690048769406972,1.4008039293246837,-0.17880964074901567,-0.027227089413245194,-0.8161900347339041,0.7140201518931748,-0.06474089991393922,0.3600313968797217,275.0
0.6477605959412093,1.0654884797514668,-0.17579211641985426,0.09793158840109747,0.32720497894194617,0.5846356263813377,0.20145734284687325,-0.18060806549888206,-0.1431174725098046,1.0786490069085881,177.0
-2.177920061840209,1.0654884797514668,-0.4930279333945007,-0.4811227853427187,-1.7530773464542302,-1.3733250641613275,-0.30736634594351536,-0.8418550087886634,-0.2034236709881988,-1.396589427635285,71.0
0.34228160591078566,1.0654884797514668,-0.968881658856469,0.2426951818370515,-0.6567123371238129,-0.31061613672863086,-0.16198814914626147,-0.06391742844774428,-0.1610521491996102,-0.8376646198350556,47.0
-1.261483091748938,1.0654884797514668,1.1384705539036781,-0.4087409886247417,-0.9940554169177875,-0.9868854541858014,0.49221373644138106,-0.8418550087886634,-0.1610521491996102,-0.11904700980618921,187.0
-0.574155364180485,-0.9385366608874619,-0.742284646731722,-0.6258863787786727,-1.1346150334986103,-1.1865459193398233,0.637591933238635,-0.8418550087886634,-0.16835719405560923,-2.5144390432357437,125.0
0.8768698384640269,-0.9385366608874619,-0.6743055430942985,-1.3012085421573982,1.6484653748016798,1.0676851388507453,1.1464156220290236,-0.21950494451592822,-0.05058313496082668,-1.1570502242923295,78.0
-1.7197015767945734,-0.9385366608874619,-1.7166517988681347,-0.8430317689326038,0.07419766909646526,-0.36214141805870126,1.4371720156235313,-0.8418550087886634,-0.1200149854497335,-1.7958214332068774,51.0
-0.8796343542109085,-0.9385366608874619,1.0025123466288304,1.2560403358887298,2.632382690867439,2.6520875397504016,-0.45274454274076925,2.269895312575013,-0.02723186928336858,0.7592634024513141,258.0
-0.26867637415006146,-0.9385366608874619,1.2744287611785268,1.1112767424527756,1.0018911385298952,0.62327958737889,-0.30736634594351536,0.7140201518931748,-0.01939534283567924,0.12049219353676624,215.0
1.4114580710172682,-0.9385366608874619,1.1837899563286283,1.5455675227606378,-0.2631454106975093,-0.7872249890317796,-0.5981227395380232,-0.06391742844774428,-0.012531314619593526,0.6794170013369956,303.0
-1.1087435967337262,1.0654884797514668,2.0675183036151417,1.8350947096325458,1.2548984483753762,1.0226005176869337,-1.1069464283284118,2.269895312575013,-0.0016755204063442378,0.7592634024513141,243.0
0.113172363387968,-0.9385366608874619,1.2517690599660516,-1.1810547596055565,0.523988442155098,1.1063290998482975,-0.8161900347339041,1.0640920630465884,-0.11172613424315873,-0.5981254164921002,91.0
1.7169370610476917,-0.9385366608874619,0.707936230866659,0.17031338511907448,1.0862269084783889,1.183617021843403,-0.30736634594351536,0.7140201518931748,-0.06323692009064531,1.3181882102515434,150.0
0.6477605959412093,1.0654884797514668,1.1837899563286283,1.6179493194786148,1.0300030618460598,-0.23332821473352594,-0.6708118379366501,1.4919577322340938,0.04243745170395313,1.717420215823136,310.0
0.03680261588036212,-0.9385366608874619,-1.3767562806810139,-0.11921380175283358,-0.12258579411668657,-0.3814633985574774,0.8556592284345158,-0.8418550087886634,-0.11058401422697318,0.12049219353676624,153.0
-1.0323738492261203,-0.9385366608874619,3.3817809739386737,-0.9877953623685578,-0.5723765671753194,-0.3879040587237363,-0.888879133132531,0.7140201518931748,-0.07172931743871844,0.20033859465108472,346.0
-0.574155364180485,1.0654884797514668,-1.172818969768742,0.5322223687089596,-0.12258579411668657,-0.4651919807188412,1.0737265236303966,-0.8418550087886634,-0.11286825425934438,-0.9973574220636925,63.0
1.6405673135400858,1.0654884797514668,-0.5156876346069749,-0.8915275727336485,0.1585334390449589,1.1063290998482975,-1.3250137235242927,1.6942215031227326,-0.15254844373256496,1.0786490069085881,89.0
0.26591185840317977,-0.9385366608874619,-0.764944347944197,0.8941313522988447,-0.2631454106975093,0.2851449286503051,-0.48908909194008277,0.0994494634238487,-0.1610521491996102,0.12049219353676624,50.0
0.8768698384640269,-0.9385366608874619,-0.17579211641985426,-1.204940752522489,0.18664536236112345,-0.6262084848753103,3.036332180393324,-1.6197925891295823,-0.20602453835178974,-0.3585862131491447,39.0
1.0296093334792387,-0.9385366608874619,-0.8782428540065705,2.197003693222431,0.7488838286844144,-0.5102766018826528,3.545155869183713,-1.6197925891295823,-0.12250277162360317,0.2801849957654032,103.0
-0.34504612165766735,1.0654884797514668,2.679330236351959,2.052240099786477,0.35531690225811075,0.37853450106105696,-0.38005544434214233,0.7140201518931748,-0.06323692009064531,0.04064579242244776,308.0
-1.5669620817793615,1.0654884797514668,-1.626012994018236,-0.9877953623685578,-0.9378315702854584,-0.6519711255403459,0.1287682444482463,-0.8418550087886634,-0.19597162058556206,-0.3585862131491447,116.0
0.7241303434488151,1.0654884797514668,0.5946377248042855,-0.6982681754966498,-0.9097196469692939,-0.18180293340345552,-0.9615682315311579,-0.06391742844774428,-0.180264643333267,-0.43843261426346314,145.0
-0.7268948591956967,1.0654884797514668,-0.5383473358194499,-0.36024518482369694,0.04608574578030071,-0.040108409745762914,0.20145734284687325,-0.336195581567066,-0.08810347371036943,0.7592634024513141,74.0
-1.1087435967337262,1.0654884797514668,-1.3087771770435896,0.2426951818370515,-0.15069771743285112,-0.7356997077017097,2.4548193932043088,-1.6197925891295823,-0.21420030836864315,0.04064579242244776,45.0
1.2587185760020563,-0.9385366608874619,-0.017174207932531473,-1.783995126266305,1.5641296048531863,1.6537852139802927,0.1287682444482463,0.7140201518931748,-0.07749645811450713,0.5197241991083587,115.0
1.3350883235096622,1.0654884797514668,1.8635809927028695,1.4731857260426608,0.43965267220660437,0.7907367517016185,-0.9615682315311579,1.4919577322340938,-0.07014618078261965,1.398034611365862,264.0
0.1895421108955739,-0.9385366608874619,-0.6743055430942985,-0.5535045820606956,0.8894434452652371,-0.19468425373597323,3.181710377190578,-1.6197925891295823,-0.12124757041769613,-0.7578182187207371,87.0
0.113172363387968,1.0654884797514668,0.6399571272292347,1.7627129129145689,-0.7410481070723066,-0.9546821533545076,0.34683553964412717,-0.8418550087886634,-0.09577037837347675,0.2801849957654032,202.0
0.800500090956421,1.0654884797514668,0.18676310297974058,0.8941313522988447,-0.8534958003369648,-0.41366669938877126,-0.743500936335277,-0.06391742844774428,-0.12895970755669198,0.12049219353676624,127.0
0.26591185840317977,-0.9385366608874619,0.14144370055479133,-1.1810547596055565,-1.528181959924914,-1.3475624234962926,-0.38005544434214233,-0.8029581297716175,-0.12895970755669198,-1.7958214332068774,182.0
1.5641975660324798,1.0654884797514668,-0.42504882975707636,0.9665131490168217,1.5360176815370217,0.6941268492077369,-0.6708118379366501,1.4919577322340938,0.025441348888834668,0.6794170013369956,241.0
0.34228160591078566,-0.9385366608874619,-0.5156876346069749,0.7493677588628906,-0.12258579411668657,-0.04654906991202131,-0.23467724754488842,-0.06391742844774428,-0.08717620795465444,0.2801849957654032,66.0
-0.11593687913484967,1.0654884797514668,-0.24377122005727855,0.2426951818370515,-0.4318169505944966,-0.2977348163961136,-0.38005544434214233,-0.06391742844774428,-0.09283026744072176,1.3181882102515434,94.0
0.26591185840317977,-0.9385366608874619,0.5493183223793362,1.3284221326067067,2.5761588442351098,1.904970960464385,1.2917938188262774,-0.06391742844774428,-0.03506839573105792,-0.43843261426346314,283.0
-0.7268948591956967,-0.9385366608874619,-1.240798073406166,0.02554979168312045,-1.0783911868662812,-1.5858668496478672,1.3644829172249044,-1.6197925891295823,-0.13303063038666052,0.2801849957654032,64.0
1.4114580710172682,1.0654884797514668,-0.764944347944197,-1.783995126266305,-0.12258579411668657,0.4236191222248685,-1.0342573299297848,0.7140201518931748,-0.10506565216857147,0.5995706002226772,102.0
0.800500090956421,1.0654884797514668,-0.5156876346069749,0.09793158840109747,-0.5161527205429902,-0.5231579222151704,0.34683553964412717,-0.8418550087886634,-0.12633622395515673,-0.5182790153777816,200.0
0.1895421108955739,1.0654884797514668,0.39070041389201343,0.8217495555808676,0.38342882557427527,0.23683997740336438,0.4195246380427541,-0.06391742844774428,-0.08626025031791155,-0.3585862131491447,265.0
-1.948810819317391,1.0654884797514668,-1.8979294085679324,-1.204940752522489,-0.4880407972268257,-0.6068865043765342,-0.08929905074763453,-0.06391742844774428,-0.07664834919159699,0.04064579242244776,94.0
1.4878278185248741,-0.9385366608874619,-0.10781301278243079,-0.11921380175283358,1.8171369146986671,2.1368347264497003,0.2741464412455002,0.7140201518931748,-0.1175837398707245,0.5197241991083587,230.0
-0.34504612165766735,-0.9385366608874619,-1.1048398661313177,-0.6982681754966498,-0.8816077236531293,-0.7292590475354508,0.4195246380427541,-0.8418550087886634,-0.1912561349741819,-0.5981254164921002,181.0
0.8768698384640269,1.0654884797514668,-0.4703682321820256,0.6046041654269366,-1.331398496711762,-0.9095975321906965,-1.1796355267270386,-0.06391742844774428,-0.10293972580181018,-1.077203823178011,156.0
0.26591185840317977,-0.9385366608874619,-0.42504882975707636,-0.3363591919067646,0.27098113230961707,0.4558224230561624,-1.4703919203215465,2.269895312575013,-0.03220744163110779,-0.43843261426346314,233.0
-0.8032646067033027,-0.9385366608874619,-1.150159268556267,-1.6392315328303508,-0.6567123371238129,-1.7597646741368536,2.8182648851974434,-1.6197925891295823,-0.1303053737143761,-0.11904700980618921,60.0
0.9532395859716328,-0.9385366608874619,-0.130472713994905,-0.3363591919067646,2.5761588442351098,2.5941215982540733,0.4195246380427541,0.7140201518931748,-0.06625618785620525,-0.11904700980618921,219.0
1.4878278185248741,1.0654884797514668,-0.3570697261196521,0.45984057199098255,0.9175553685814016,1.1771763616771445,0.7829701300358889,-0.06391742844774428,-0.19358560748244164,-0.3585862131491447,80.0
-1.5669620817793615,1.0654884797514668,1.161130255116153,-0.8430317689326038,1.1143388317945535,1.1127697600145567,-0.8161900347339041,1.4919577322340938,-0.03052253190425973,-0.6779718176064186,68.0
1.2587185760020563,1.0654884797514668,1.6143242793656474,0.5322223687089596,0.04608574578030071,0.3656531807285397,-1.0342573299297848,0.7140201518931748,-0.06935461245457017,0.8391098035656326,332.0
1.5641975660324798,-0.9385366608874619,0.39070041389201343,1.3284221326067067,1.2830103716915409,0.9002279745280177,0.20145734284687325,-0.06391742844774428,-0.03449168166347899,-1.1570502242923295,248.0
0.1895421108955739,-0.9385366608874619,-0.4703682321820256,-0.6743821825797174,-0.9940554169177875,-1.392647044660104,1.5825502124207853,-1.5031019520784445,-0.18453911230473388,-0.7578182187207371,84.0
-1.4905923342717557,-0.9385366608874619,1.954219797552768,0.2665811747539838,0.43965267220660437,0.8937873143617584,0.05607914604961936,-0.0016824220204707018,-0.17414695096934216,-0.039200608691870725,200.0
0.49502110092599744,1.0654884797514668,-0.6516458418818235,-0.11921380175283358,-0.3193692573298384,0.38497516122731584,-0.5981227395380232,-0.06391742844774428,-0.198402866164571,-0.6779718176064186,55.0
-1.1087435967337262,1.0654884797514668,0.8212347369290326,-0.8430317689326038,-0.09447387080052203,-0.2462095350660432,0.2741464412455002,-0.8418550087886634,-0.08626025031791155,0.04064579242244776,85.0
1.4114580710172682,-0.9385366608874619,-1.2861174758311154,-0.8430317689326038,-0.5161527205429902,-0.48451396121761775,0.7102810316372619,-0.8418550087886634,-0.17614848802740993,-1.1570502242923295,89.0
0.03680261588036212,-0.9385366608874619,-0.17579211641985426,-1.3497043459584428,-0.7691600303884711,-0.48451396121761775,0.1287682444482463,-0.8418550087886634,-0.18673288738532803,-1.077203823178011,31.0
0.49502110092599744,1.0654884797514668,-0.787604049156672,-0.9877953623685578,-1.8374131164027239,-1.5343415683177968,-0.5981227395380232,-0.8418550087886634,-0.14463276045207066,-0.2787398120348262,129.0
0.800500090956421,1.0654884797514668,-0.28909062248222783,-0.3363591919067646,-0.7129361837561421,-0.43298867988754736,-0.23467724754488842,-0.06391742844774428,-0.13868468987272783,-0.039200608691870725,83.0
0.34228160591078566,-0.9385366608874619,1.5463451757282238,-0.8669177618495361,-0.06636194748435748,-0.2590908553985609,-0.23467724754488842,-0.03279992523410749,-0.053274467276194684,0.8391098035656326,275.0
-0.03956713162724377,1.0654884797514668,-0.5156876346069749,1.1112767424527756,0.5802122887874271,0.6361609077114077,0.637591933238635,-0.06391742844774428,-0.13303063038666052,0.6794170013369956,65.0
0.26591185840317977,-0.9385366608874619,0.707936230866659,0.7008719550618459,0.6364361354197562,0.5781949662150793,-0.016609952349007584,0.17724322145794033,-0.0677940920364156,0.5197241991083587,198.0
1.5641975660324798,-0.9385366608874619,0.7305959320791341,1.9798583030685,1.1986746017430472,0.43650044255738624,0.49221373644138106,-0.06391742844774428,-0.01493994396065822,-0.43843261426346314,236.0
0.8768698384640269,1.0654884797514668,-0.8102637503691462,1.1112767424527756,1.5922415281693507,2.413783113598828,-0.743500936335277,1.4919577322340938,-0.13442152902023305,-0.2787398120348262,253.0
-0.19230662664245554,1.0654884797514668,-0.8329234515816213,-0.8430317689326038,-0.15069771743285112,0.352771860396022,-1.2523246251256657,1.4919577322340938,-0.08445095128237001,-1.3167430265209665,124.0
0.1895421108955739,1.0654884797514668,-0.0398339091450065,0.45984057199098255,-0.7691600303884711,-0.49095462138387663,-0.08929905074763453,-0.8418550087886634,-0.15587303071037253,-0.2787398120348262,44.0
1.4114580710172682,1.0654884797514668,-0.6516458418818235,0.09793158840109747,0.523988442155098,0.7520927907040653,-0.5254336411393962,0.7140201518931748,-0.07749645811450713,1.557727413594499,172.0
0.03680261588036212,-0.9385366608874619,-0.968881658856469,-0.6982681754966498,-1.4719581132925847,-1.6567141114767134,0.9283483268331427,-1.4719844488648077,-0.1823792615810562,-1.5562822298639218,114.0
-0.19230662664245554,1.0654884797514668,0.028145194492417782,-0.046832005034856565,1.6484653748016798,1.4605654089925297,0.7102810316372619,-0.06391742844774428,-0.07334637845173374,1.557727413594499,142.0
-0.11593687913484967,-0.9385366608874619,1.3650675660284253,0.7493677588628906,-0.010138100852028386,0.327009219730987,-0.23467724754488842,0.006096953782938323,-0.12895970755669198,0.5995706002226772,109.0
2.0224160510781153,-0.9385366608874619,0.8438944381415076,-1.204940752522489,0.9456672918975662,1.2673456040047668,-0.38005544434214233,0.7529170309102206,-0.09091919533443103,0.43987779799404014,180.0
-1.5669620817793615,-0.9385366608874619,-0.4930279333945007,-0.11921380175283358,-0.403705027278332,-0.2719721757310782,0.34683553964412717,-0.8418550087886634,-0.1541994291024966,-0.5981254164921002,144.0
1.2587185760020563,1.0654884797514668,1.1158108526912038,1.1112767424527756,0.6926599820520852,0.4236191222248685,-0.16198814914626147,0.7140201518931748,-0.03800850666381291,-0.039200608691870725,163.0
-0.4977856166728791,-0.9385366608874619,0.8438944381415076,-0.2639773951887876,-0.17880964074901567,-0.0014644487482102157,-0.016609952349007584,-0.06391742844774428,-0.12124757041769613,-0.7578182187207371,147.0
0.1895421108955739,-0.9385366608874619,-0.42504882975707636,-1.1325589558045117,0.6645480587359207,0.4429411027236447,1.1464156220290236,-0.8418550087886634,-0.1200149854497335,-0.039200608691870725,97.0
0.34228160591078566,1.0654884797514668,0.3000616090421141,0.02554979168312045,0.04608574578030071,-0.4201073595550301,-0.5981227395380232,0.7140201518931748,-0.013492504732224943,0.7592634024513141,220.0
0.41865135341839155,-0.9385366608874619,-0.7196249455192477,1.1597725462538204,1.395458064956199,1.5442939911538944,-0.08929905074763453,0.682902648679538,-0.07581154838765908,1.3181882102515434,190.0
1.8696765560629034,-0.9385366608874619,0.14144370055479133,0.5322223687089596,0.6364361354197562,0.19819601640581166,1.2917938188262774,-0.8418550087886634,-0.09478657202290101,0.5995706002226772,109.0
0.41865135341839155,-0.9385366608874619,0.09612429812984206,0.9665131490168217,-0.3474811806460029,-1.1028173371784595,1.2917938188262774,-0.8418550087886634,-0.07093774911066904,1.1584954080229066,191.0
-0.4977856166728791,-0.9385366608874619,0.6399571272292347,-0.11921380175283358,1.704689221434009,1.9114116206306435,-0.30736634594351536,1.4919577322340938,-0.06549854388507229,0.04064579242244776,122.0
2.0224160510781153,-0.9385366608874619,1.0931511514787289,1.6664451232796595,1.142450755110718,0.7714147712028423,-1.4703919203215465,2.9700391348818402,0.015885988357380948,1.1584954080229066,230.0
0.49502110092599744,1.0654884797514668,1.2970884623910017,1.3045361396897746,0.523988442155098,-0.7228183873691919,-1.7611483139160544,3.2656554154113886,0.058992537879158265,1.557727413594499,242.0
1.4878278185248741,1.0654884797514668,-0.15313241520738005,1.0388949457347987,1.2548984483753762,-0.07231171057705675,-1.0342573299297848,2.269895312575013,0.053564640772533624,1.0786490069085881,248.0
0.6477605959412093,-0.9385366608874619,0.11878399934231629,0.2426951818370515,1.6203534514855154,1.621581913148999,-0.8161900347339041,2.269895312575013,-0.024551845086972682,0.3600313968797217,249.0
-0.03956713162724377,-0.9385366608874619,1.1384705539036781,-1.3982001497594876,1.507905758220857,1.183617021843403,-0.8161900347339041,1.779794636960234,-0.0016755204063442378,0.9189562046799511,192.0
0.9532395859716328,1.0654884797514668,-0.17579211641985426,-0.6982681754966498,-0.12258579411668657,0.04362017241560134,-0.743500936335277,0.7140201518931748,-0.06935461245457017,0.5197241991083587,131.0
1.5641975660324798,-0.9385366608874619,2.4074138218022623,0.6046041654269366,0.523988442155098,0.5331103450512678,0.4195246380427541,-0.06391742844774428,-0.1072481191301935,-0.11904700980618921,237.0
-0.8032646067033027,-0.9385366608874619,1.4103869684533752,-1.2773225492404658,-0.5723765671753194,-0.4587513205525828,-0.16198814914626147,-0.06391742844774428,-0.10834500667049052,0.3600313968797217,78.0
-0.26867637415006146,1.0654884797514668,-1.172818969768742,-0.046832005034856565,-0.5442646438591547,-0.5811238637114993,0.4195246380427541,-0.8418550087886634,-0.1276479657559244,0.8391098035656326,135.0
0.1895421108955739,1.0654884797514668,0.6399571272292347,0.8941313522988447,-0.03825002416819293,0.7778554313691007,-1.2523246251256657,1.4919577322340938,-0.1358237357727778,0.2801849957654032,244.0
1.7169370610476917,1.0654884797514668,-0.5383473358194499,-0.7706499722146267,-1.4157342666602557,-0.9353601728557315,-0.743500936335277,-0.06391742844774428,-0.1575692485561927,-0.11904700980618921,199.0
0.6477605959412093,-0.9385366608874619,2.20347651088999,1.6179493194786148,-0.20692156406518022,-0.21400623423474935,-1.1069464283284118,0.7140201518931748,-0.03564510979863675,0.6794170013369956,270.0
0.5713908484336033,1.0654884797514668,-0.130472713994905,0.6046041654269366,-0.3193692573298384,-0.014345769080727476,-1.1069464283284118,0.7140201518931748,-0.07014618078261965,0.5995706002226772,164.0
-1.261483091748938,1.0654884797514668,-0.9915413600689441,-0.4811227853427187,-1.4438461899764203,-1.1672239388410472,-0.08929905074763453,-0.8418550087886634,-0.18453911230473388,-1.077203823178011,72.0
0.113172363387968,-0.9385366608874619,-1.0142010612814192,-0.2639773951887876,0.04608574578030071,-0.11739633174086785,1.2917938188262774,-0.8418550087886634,-0.17025695804292784,-1.1570502242923295,96.0
-0.42141586916527324,-0.9385366608874619,1.7956018890654444,-0.7706499722146267,1.9014726846471608,1.8598863393005736,-1.1796355267270386,3.047832892915932,-0.006074378686504615,0.9988026057942696,306.0
0.41865135341839155,1.0654884797514668,-0.2664309212697536,1.4731857260426608,-0.20692156406518022,0.16599271557451784,-0.743500936335277,0.7140201518931748,-0.09980737684652885,0.04064579242244776,91.0
-1.3378528392565439,-0.9385366608874619,-0.6969652443067728,-0.6982681754966498,0.04608574578030071,0.5137883645524917,-0.45274454274076925,-0.06391742844774428,-0.13442152902023305,-1.1570502242923295,214.0
0.5713908484336033,-0.9385366608874619,-0.15313241520738005,-1.0601771590865348,1.5641296048531863,1.183617021843403,0.7102810316372619,-0.06391742844774428,-0.05259598013786658,0.2801849957654032,95.0
-0.34504612165766735,-0.9385366608874619,-0.28909062248222783,2.776058066966247,-0.17880964074901567,-0.059430390244539034,0.4195246380427541,-0.8418550087886634,-0.15092007460057755,-0.5981254164921002,216.0
0.6477605959412093,1.0654884797514668,1.2517690599660516,1.1836585391707528,-0.4318169505944966,0.04362017241560134,-0.5981227395380232,-0.06391742844774428,-0.13724855876326675,-0.3585862131491447,263.0
1.1823488284944506,1.0654884797514668,0.4586795175294369,1.1836585391707528,-0.12258579411668657,0.39141582139357467,-0.5981227395380232,-0.06391742844774428,-0.1358237357727778,0.43987779799404014,178.0
-0.42141586916527324,-0.9385366608874619,0.39070041389201343,1.9074765063505228,0.1023095924126298,0.19819601640581166,0.7829701300358889,-0.8418550087886634,-0.17819525756136637,0.12049219353676624,113.0
-2.2542898093478145,-0.9385366608874619,-0.24377122005727855,-0.8430317689326038,1.0300030618460598,1.344633525999872,-0.23467724754488842,0.7140201518931748,-0.09777191543154463,-0.5981254164921002,200.0
1.7169370610476917,1.0654884797514668,-0.06249361035748073,-0.6982681754966498,0.8894434452652371,1.2093796625084383,-0.16198814914626147,0.7140201518931748,-0.1072481191301935,-0.039200608691870725,139.0
0.113172363387968,1.0654884797514668,0.3680407126795384,0.6769859621449136,2.632382690867439,2.639206219417885,-0.38005544434214233,1.4919577322340938,-0.028860238415355993,0.2801849957654032,139.0
0.800500090956421,1.0654884797514668,-0.6289861406693484,-1.5668497361123739,-0.23503348738134475,-0.23976887489978435,0.1287682444482463,-0.06391742844774428,-0.10188807073740161,-0.5981254164921002,88.0
0.6477605959412093,-0.9385366608874619,-0.42504882975707636,-0.11921380175283358,-0.06636194748435748,-0.5875645238777581,1.5825502124207853,-0.8418550087886634,-0.1200149854497335,-0.039200608691870725,148.0
0.03680261588036212,1.0654884797514668,-1.2181383721936911,-0.9154135656505807,-1.9498608096673822,-0.9482414931882488,-1.9065265107133083,0.7140201518931748,-0.1823792615810562,-1.396589427635285,88.0
-0.574155364180485,1.0654884797514668,1.2744287611785268,2.269385489940408,0.27098113230961707,-0.3428194375599247,-0.016609952349007584,-0.06391742844774428,-0.01939534283567924,2.595730628080639,243.0
-1.7960713243021793,1.0654884797514668,-0.8555831527940955,-0.6982681754966498,-1.640629653189572,-1.4119690251588801,-0.08929905074763453,-0.8418550087886634,-0.17819525756136637,-0.8376646198350556,71.0
0.26591185840317977,1.0654884797514668,-1.5127144879558625,-0.9877953623685578,-1.0221673402339522,-1.9787471197896518,2.3821302948056817,-1.6197925891295823,-0.13166234799103219,-0.7578182187207371,77.0
-1.1087435967337262,-0.9385366608874619,-1.172818969768742,-0.7706499722146267,1.8452488380148317,-0.04654906991202131,0.20145734284687325,0.7140201518931748,0.057726028554279225,0.04064579242244776,109.0
-0.4977856166728791,1.0654884797514668,0.9571929442038811,0.45984057199098255,2.2669276877573,1.8470050189680558,0.05607914604961936,0.7140201518931748,-0.014453694844856358,1.1584954080229066,272.0
-1.5669620817793615,1.0654884797514668,-0.1984518176323293,0.31507697855502853,-0.7410481070723066,-0.426548019721289,-0.23467724754488842,-0.06391742844774428,-0.14773118505043556,0.20033859465108472,60.0
-0.11593687913484967,1.0654884797514668,-0.6969652443067728,-0.3363591919067646,0.18664536236112345,0.352771860396022,0.34683553964412717,-0.06391742844774428,-0.14162480080548281,-1.4764358287496033,54.0
-1.261483091748938,1.0654884797514668,1.0478317490537796,0.38745877527300554,-0.3193692573298384,-0.6004458442102754,-0.30736634594351536,-0.06391742844774428,-0.04474814557120513,-1.1570502242923295,221.0
-0.42141586916527324,-0.9385366608874619,-1.784630902505559,-0.5535045820606956,-0.7129361837561421,-0.6841744263716396,0.8556592284345158,-1.0985744103011668,-0.20868194631024142,-0.9175110209493741,90.0
0.800500090956421,1.0654884797514668,0.11878399934231629,0.6769859621449136,0.1585334390449589,0.37853450106105696,-0.45274454274076925,0.7140201518931748,-0.08810347371036943,1.1584954080229066,311.0
0.34228160591078566,-0.9385366608874619,0.4360198163169627,0.45984057199098255,-0.2631454106975093,-0.25265019523230203,-0.08929905074763453,-0.06391742844774428,-0.08996931334077173,0.7592634024513141,281.0
0.8768698384640269,-0.9385366608874619,-0.15313241520738005,0.6046041654269366,-0.8534958003369648,-0.9740041338532842,1.0737265236303966,-1.6197925891295823,-0.19597162058556206,0.43987779799404014,182.0
0.41865135341839155,1.0654884797514668,2.20347651088999,1.4731857260426608,-0.7129361837561421,-0.5295985823814289,-0.45274454274076925,-0.06391742844774428,-0.10188807073740161,0.7592634024513141,321.0
-1.0323738492261203,1.0654884797514668,-0.5156876346069749,0.00166379876618816,-0.9378315702854584,-0.5618018832127227,-1.2523246251256657,0.5895501390386276,-0.08267557660374479,0.20033859465108472,58.0
0.03680261588036212,1.0654884797514668,-0.130472713994905,-0.4087409886247417,-0.17880964074901567,0.12090809441070627,-0.743500936335277,0.7140201518931748,-0.08810347371036943,1.8771130180517728,262.0
0.7241303434488151,-0.9385366608874619,-0.8102637503691462,-0.2639773951887876,0.214757285677288,0.12734875457696512,-0.08929905074763453,-0.06391742844774428,-0.0677940920364156,1.8771130180517728,206.0
-0.9560041017185145,1.0654884797514668,2.8832675472642313,-0.3363591919067646,0.8613315219490726,0.6748048687089608,-0.8161900347339041,1.4919577322340938,-0.01838892024715929,0.9189562046799511,233.0
-0.19230662664245554,1.0654884797514668,3.5857182848509477,0.31507697855502853,0.6364361354197562,0.713448829706513,-0.38005544434214233,0.7140201518931748,-0.06474089991393922,0.5995706002226772,242.0
-0.34504612165766735,1.0654884797514668,0.050804895704892813,0.31507697855502853,0.4677645955227689,-0.18824359356971437,-0.45274454274076925,0.7140201518931748,-0.00038639484352087714,1.557727413594499,123.0
-0.19230662664245554,-0.9385366608874619,0.7985750357165575,-0.8430317689326038,-0.4880407972268257,-0.059430390244539034,-0.8161900347339041,0.32505136172271526,-0.11286825425934438,0.5197241991083587,167.0
0.41865135341839155,-0.9385366608874619,-1.2181383721936911,-1.204940752522489,-0.010138100852028386,-0.23976887489978435,1.5098611140221583,-0.8418550087886634,-0.1823792615810562,-1.4764358287496033,63.0
1.1059790809868446,1.0654884797514668,-0.1984518176323293,1.0388949457347987,1.0581149851622245,-0.3750227383912185,-0.23467724754488842,0.7140201518931748,0.04155541842412657,-0.3585862131491447,197.0
-0.574155364180485,1.0654884797514668,-0.4930279333945007,-0.3363591919067646,0.29909305562578165,0.28192459856717544,0.564902834840008,-0.06391742844774428,-0.1200149854497335,-0.43843261426346314,71.0
-1.5669620817793615,-0.9385366608874619,-0.22111151884480432,-0.11921380175283358,-1.331398496711762,-1.1543426185085295,-0.016609952349007584,-0.8418550087886634,-0.1592993907589293,-0.039200608691870725,168.0
-2.2542898093478145,-0.9385366608874619,-0.7196249455192477,-1.42208614267642,-1.275174650079433,-1.4312910056576562,0.20145734284687325,-0.8418550087886634,-0.1072481191301935,-1.5562822298639218,140.0
0.9532395859716328,1.0654884797514668,-0.06249361035748073,2.269385489940408,0.7488838286844144,0.4815850637211978,0.564902834840008,-0.06391742844774428,-0.07172931743871844,0.3600313968797217,217.0
-0.03956713162724377,-0.9385366608874619,1.4330466696658504,-0.11921380175283358,2.4637111509704517,2.697172160914213,-0.45274454274076925,1.8186915159772798,-0.04926008504108689,-0.039200608691870725,121.0
0.41865135341839155,1.0654884797514668,0.2094228041922156,0.38745877527300554,0.32720497894194617,0.9388719355255699,-1.1796355267270386,1.4919577322340938,-0.09478657202290101,-1.236896625406648,235.0
0.34228160591078566,1.0654884797514668,0.050804895704892813,-0.11921380175283358,-0.09447387080052203,0.24328063756962323,-0.9615682315311579,0.7140201518931748,-0.07834456703741727,-0.7578182187207371,245.0
-0.03956713162724377,-0.9385366608874619,-0.8102637503691462,0.45984057199098255,-2.202868119512863,-2.3587460695989186,0.49221373644138106,-1.6197925891295823,-0.16464813103274897,0.43987779799404014,40.0
0.34228160591078566,-0.9385366608874619,0.5493183223793362,1.2321543429717974,-1.218950803447104,-0.89027555169192,-0.23467724754488842,-0.7251643717375256,-0.17025695804292784,-0.5182790153777816,52.0
-1.4905923342717557,1.0654884797514668,-1.8752697073554574,-1.5668497361123739,-0.8534958003369648,-0.5102766018826528,-0.5981227395380232,-0.06391742844774428,-0.12250277162360317,-1.077203823178011,104.0
1.0296093334792387,-0.9385366608874619,1.2744287611785268,-0.4811227853427187,-0.4599288739106611,-1.4763756268214678,-0.8161900347339041,-0.06391742844774428,0.02269347597860602,0.6794170013369956,132.0
0.113172363387968,1.0654884797514668,-0.6063264394568743,-0.1915955984708106,-0.6286004138076484,-0.5746832035452404,0.20145734284687325,-0.8418550087886634,-0.12895970755669198,0.12049219353676624,88.0
0.7241303434488151,1.0654884797514668,-0.6289861406693484,0.09793158840109747,1.9295846079633254,1.8083610579705036,0.7102810316372619,-0.06391742844774428,-0.07664834919159699,-0.7578182187207371,69.0
0.49502110092599744,1.0654884797514668,-0.40238912854460135,1.0388949457347987,-1.275174650079433,-1.2380712006698933,0.1287682444482463,-0.8418550087886634,-0.13868468987272783,-0.2787398120348262,219.0
0.41865135341839155,-0.9385366608874619,-0.8555831527940955,-0.3363591919067646,-0.15069771743285112,-0.3428194375599247,1.0737265236303966,-0.8418550087886634,-0.14463276045207066,0.04064579242244776,72.0
-0.9560041017185145,-0.9385366608874619,0.32272131025458917,-1.5668497361123739,-0.9940554169177875,-0.33637877739366584,-0.5254336411393962,-0.06391742844774428,-0.23595712927103019,-1.4764358287496033,201.0
1.1059790809868446,1.0654884797514668,-0.5156876346069749,1.1836585391707528,-0.12258579411668657,-0.08519303090957402,-0.38005544434214233,-0.06391742844774428,-0.07334637845173374,-0.7578182187207371,110.0
-0.11593687913484967,1.0654884797514668,0.028145194492417782,-1.783995126266305,-0.20692156406518022,-0.3234974570611486,1.0010374252317698,-0.8418550087886634,-0.1575692485561927,-1.7159750320925589,51.0
0.1895421108955739,1.0654884797514668,1.4557063708783238,1.2560403358887298,0.38342882557427527,-0.4587513205525828,-0.888879133132531,0.7140201518931748,0.021653129033169644,1.398034611365862,277.0
-0.4977856166728791,-0.9385366608874619,-1.4673950855309132,-1.3497043459584428,-1.1908388801309393,-1.0190887550170953,0.4195246380427541,-0.8418550087886634,-0.21706126246859317,-0.9973574220636925,63.0
-0.8796343542109085,1.0654884797514668,-0.6289861406693484,-0.046832005034856565,0.4677645955227689,0.7714147712028423,0.2741464412455002,-0.06391742844774428,-0.1575692485561927,1.238341809137225,118.0
-1.5669620817793615,-0.9385366608874619,-0.968881658856469,-0.9154135656505807,-0.5723765671753194,-0.4587513205525828,0.34683553964412717,-0.8418550087886634,-0.15587303071037253,-0.43843261426346314,69.0
0.7241303434488151,-0.9385366608874619,0.39070041389201343,1.1836585391707528,0.27098113230961707,-1.1028173371784595,-1.3250137235242927,1.4919577322340938,0.0548763825733012,0.12049219353676624,273.0
-1.261483091748938,-0.9385366608874619,0.028145194492417782,-0.6258863787786727,-0.12258579411668657,-0.426548019721289,0.2741464412455002,-0.06391742844774428,-0.06702513994631043,-1.077203823178011,258.0
-1.7960713243021793,1.0654884797514668,-0.6516458418818235,-0.4811227853427187,-1.275174650079433,-1.0963766770122008,0.4195246380427541,-0.8418550087886634,-0.22611906576527308,-0.6779718176064186,43.0
1.1059790809868446,-0.9385366608874619,-0.08515331156995576,-0.649772371695605,-0.9378315702854584,-1.1801052591735646,-0.23467724754488842,-0.5540181040625232,-0.061755556505295704,0.43987779799404014,198.0
0.26591185840317977,-0.9385366608874619,0.32272131025458917,-0.6982681754966498,0.8613315219490726,0.6812455288752193,-0.016609952349007584,-0.06391742844774428,-0.05058313496082668,-1.3167430265209665,242.0
1.2587185760020563,1.0654884797514668,0.48133921874191193,1.0388949457347987,0.35531690225811075,0.26260261806839935,-0.23467724754488842,-0.06391742844774428,-0.057435855057940285,0.3600313968797217,232.0
-0.4977856166728791,-0.9385366608874619,0.9571929442038811,1.9074765063505228,-0.3474811806460029,-0.7099370670366746,1.4371720156235313,-0.8418550087886634,-0.14931432170653444,-0.1988934109205077,175.0
0.34228160591078566,-0.9385366608874619,-0.9462219576439949,-1.204940752522489,-0.6848242604399775,-1.0899360168459418,1.5098611140221583,-1.6197925891295823,-0.1592993907589293,0.7592634024513141,93.0
2.3278950411085386,1.0654884797514668,-0.6969652443067728,-0.4811227853427187,-0.06636194748435748,0.43650044255738624,-1.1796355267270386,1.4919577322340938,-0.08717620795465444,0.8391098035656326,168.0
-0.42141586916527324,-0.9385366608874619,2.0448586024026665,-0.11921380175283358,-0.09447387080052203,-0.47163264088510004,-0.38005544434214233,-0.06391742844774428,-0.029968434074625117,0.7592634024513141,275.0
-0.34504612165766735,-0.9385366608874619,1.1384705539036781,1.4731857260426608,-0.6567123371238129,-0.5553612230464643,0.20145734284687325,-0.8418550087886634,-0.1401434372201332,-0.1988934109205077,293.0
1.0296093334792387,1.0654884797514668,2.5886914315020593,1.7627129129145689,-2.1185323495643695,-2.056035041784757,-1.3250137235242927,-0.06391742844774428,-0.061031836891079064,-0.5981254164921002,281.0
-1.1851133442413322,-0.9385366608874619,-1.6939920976556604,-1.783995126266305,-0.7410481070723066,-0.7421403678679684,0.7102810316372619,-0.8418550087886634,-0.17614848802740993,-2.6741318454643808,72.0
0.5713908484336033,-0.9385366608874619,1.954219797552768,-1.1086729628875795,0.18664536236112345,0.83582137286543,-0.5254336411393962,0.4339626229704437,-0.16648004630623484,0.3600313968797217,140.0
1.3350883235096622,-0.9385366608874619,-1.0595204637063684,2.269385489940408,0.6645480587359207,0.41717846205860964,-0.30736634594351536,0.48841825359430824,-0.03449168166347899,0.7592634024513141,189.0
-1.1087435967337262,1.0654884797514668,-0.24377122005727855,1.1836585391707528,1.1705626784268826,1.518531350488859,-0.743500936335277,1.4919577322340938,-0.06857435224549288,-0.11904700980618921,181.0
-0.19230662664245554,1.0654884797514668,-0.5836667382443992,0.17031338511907448,1.0018911385298952,0.7842960915353592,-0.5254336411393962,0.7140201518931748,-0.024551845086972682,-0.8376646198350556,209.0
0.113172363387968,-0.9385366608874619,1.2291093587535775,-0.9154135656505807,-1.4719581132925847,-1.469934966655209,0.4195246380427541,-1.6197925891295823,-0.17025695804292784,-0.5182790153777816,136.0
1.5641975660324798,-0.9385366608874619,1.7956018890654444,1.3284221326067067,0.32720497894194617,0.2883652587334343,0.34683553964412717,-0.06391742844774428,-0.0987896461390367,1.6375738147088175,261.0
-1.1087435967337262,-0.9385366608874619,-0.017174207932531473,-0.5535045820606956,0.24286920899345255,0.16599271557451784,1.0010374252317698,-0.8418550087886634,-0.15092007460057755,0.3600313968797217,113.0
1.7169370610476917,1.0654884797514668,0.14144370055479133,-0.09532780883590129,2.2669276877573,2.426664433931345,-0.5981227395380232,1.9276027772250082,-0.038607836969336055,0.12049219353676624,131.0
-0.11593687913484967,-0.9385366608874619,0.18676310297974058,-1.0601771590865348,0.5521003654712625,0.9903972168556399,-0.8161900347339041,1.4919577322340938,-0.08810347371036943,0.04064579242244776,174.0
-0.574155364180485,-0.9385366608874619,1.682303383003071,2.0761260927034093,-0.03825002416819293,0.39141582139357467,-0.30736634594351536,0.060552584406802876,-0.1431174725098046,0.6794170013369956,257.0
-1.1087435967337262,-0.9385366608874619,1.5010257733032737,-1.5668497361123739,-0.2912573340136739,-0.007905108914469074,0.1287682444482463,-0.4606655944216128,-0.16464813103274897,0.04064579242244776,55.0
0.1895421108955739,-0.9385366608874619,-0.5156876346069749,-0.5535045820606956,2.0420323012279837,1.956496241794455,1.4371720156235313,-0.06391742844774428,-0.13303063038666052,0.12049219353676624,84.0
-0.42141586916527324,-0.9385366608874619,-1.150159268556267,-1.1325589558045117,-1.331398496711762,-1.1607832786747883,0.2741464412455002,-0.8418550087886634,-0.198402866164571,-0.11904700980618921,42.0
0.49502110092599744,-0.9385366608874619,-0.764944347944197,0.00166379876618816,0.04608574578030071,0.7327708102052892,-0.8161900347339041,0.7140201518931748,-0.14773118505043556,1.1584954080229066,146.0
0.800500090956421,1.0654884797514668,0.34538101146706335,0.45984057199098255,0.8332195986329081,0.9453125956918284,-0.8161900347339041,1.4919577322340938,-0.04474814557120513,0.2801849957654032,212.0
-1.6433318292869674,1.0654884797514668,1.6369839805781223,1.1112767424527756,1.6203534514855154,1.344633525999872,0.564902834840008,-0.06391742844774428,-0.05603364830539554,-0.1988934109205077,233.0
0.1895421108955739,1.0654884797514668,-0.8329234515816213,0.6046041654269366,0.8051076753167434,1.5314126708213767,-1.3977028219229195,2.269895312575013,-0.08717620795465444,-0.9175110209493741,91.0
0.03680261588036212,1.0654884797514668,0.23208250540468983,-0.4087409886247417,-0.3193692573298384,-0.059430390244539034,-0.888879133132531,0.7140201518931748,-0.07664834919159699,0.43987779799404014,111.0
-1.6433318292869674,-0.9385366608874619,-0.8555831527940955,-1.711613329548328,-2.034196579615876,-2.3007801281025904,0.49221373644138106,-1.6197925891295823,-0.13166234799103219,-0.9973574220636925,152.0
0.6477605959412093,1.0654884797514668,-0.7196249455192477,0.9180173452157769,1.1986746017430472,1.4348027683274953,-0.5981227395380232,1.2041208275079538,-0.06250189235745655,1.6375738147088175,120.0
-0.7268948591956967,1.0654884797514668,0.11878399934231629,-0.11921380175283358,-1.4719581132925847,-1.2702745015011871,-0.08929905074763453,-0.8418550087886634,-0.16283883199720753,0.5995706002226772,67.0
1.0296093334792387,1.0654884797514668,1.8635809927028695,1.8350947096325458,0.7488838286844144,0.46226308322242077,-0.45274454274076925,0.7140201518931748,-0.024551845086972682,2.5158842269663206,310.0
-0.8796343542109085,-0.9385366608874619,-0.6969652443067728,-0.4811227853427187,0.9737792152137308,0.8744653338629823,1.1464156220290236,-0.5306799766522958,-0.13868468987272783,-0.7578182187207371,94.0
-0.19230662664245554,-0.9385366608874619,-1.1954786709812162,-1.0601771590865348,0.4677645955227689,0.9517532558580877,-0.5254336411393962,0.7140201518931748,-0.1187937086007429,-0.3585862131491447,183.0
1.4878278185248741,1.0654884797514668,-0.6516458418818235,0.45984057199098255,-0.7410481070723066,-0.9482414931882488,0.7102810316372619,-0.8418550087886634,-0.12504709839233347,-0.039200608691870725,66.0
0.1895421108955739,-0.9385366608874619,1.161130255116153,-0.11921380175283358,1.1986746017430472,0.9388719355255699,-0.016609952349007584,0.4806388777908992,-0.03740917635828976,2.03680582028041,173.0
-0.574155364180485,-0.9385366608874619,-1.2634577746186404,-0.6258863787786727,0.9737792152137308,0.4300597823911269,2.4548193932043088,-0.8418550087886634,-0.17025695804292784,-0.1988934109205077,72.0
0.34228160591078566,-0.9385366608874619,0.028145194492417782,0.17031338511907448,0.13042151572879435,0.24328063756962323,0.637591933238635,-0.8418550087886634,-0.16283883199720753,0.5995706002226772,49.0
-0.26867637415006146,-0.9385366608874619,-0.4930279333945007,-0.8430317689326038,-0.3193692573298384,0.11446743424444787,-0.30736634594351536,-0.06391742844774428,-0.1541994291024966,-0.7578182187207371,64.0
-1.1851133442413322,-0.9385366608874619,-1.5580338903808117,-1.0601771590865348,-0.4880407972268257,-0.9482414931882488,1.873306606015293,-1.6197925891295823,-0.1823792615810562,-0.9175110209493741,48.0
0.8768698384640269,1.0654884797514668,0.41336011510448767,1.2560403358887298,-0.09447387080052203,-0.03366774957950405,-0.5254336411393962,-0.06391742844774428,-0.0677940920364156,0.12049219353676624,178.0
-0.11593687913484967,1.0654884797514668,-0.33441002490717786,-1.42208614267642,1.0300030618460598,1.6473445538140343,-0.5254336411393962,0.7140201518931748,-0.12895970755669198,0.8391098035656326,104.0
0.8768698384640269,1.0654884797514668,-0.33441002490717786,0.36357278235607327,-0.7410481070723066,-0.2655315155648198,-0.45274454274076925,-0.24284307192615565,-0.16464813103274897,0.2801849957654032,132.0
-0.9560041017185145,-0.9385366608874619,0.8212347369290326,0.02554979168312045,0.35531690225811075,0.3334498798972459,-0.5254336411393962,0.5506532600215818,-0.05125031398018257,-0.5182790153777816,220.0
-0.9560041017185145,-0.9385366608874619,-1.5353741891683368,-1.711613329548328,1.7328011447501734,0.5910762865475961,3.472466770785086,-0.8418550087886634,-0.11172613424315873,0.04064579242244776,57.0
